barcode,product_name,brand,category,net_quantity,packaging,labels_certifications,manufacturing_place,ingredients,nutriscore,nova_group,image_front_url,image_nutrition_url,image_ingredients_url,has_image,data_quality
8901719134845,Parle-G Biscuit,Parle,Dry biscuits,45gm,,,India,"REFINED WHEAT FLOUR (MAIDA) 68%, SUGAR, REFINED PALM OIL, INVERT SUGAR SYRUP (SUGAR, CITRIC ACID), IODISED SALT, RAISING AGENTS [INS 503(ii), 500(ii)], MILK SOLIDS, FLOUR TREATMENT AGENTS [INS 1101(ii)] AND EMULSIFIER OF VEGETABLE ORIGIN [INS 472e] CONTAINS ADDED FLAVOURS (ARTIFICIAL FLAVOURING SUBSTANCE - VANILLA)mm",e,4,https://images.openfoodfacts.org/images/products/890/171/913/4845/front_en.11.400.jpg,,,yes,6/8
8901719134852,Parle G biscuit,Parle,Biscuits,,,,,Energy.protrin.carbohydrate.,d,,https://images.openfoodfacts.org/images/products/890/171/913/4852/front_en.3.400.jpg,,,yes,4/8
8901063139329,bourbon,britannia,Biscuits,50g,,,,"Flavoured Sandwich BiscuitsINGREDIENTS: REFINED WHEAT FLOUR (MAIDAL SUGAR (331 Nutr REFINED PALM OIL, EDIBLE MAIZE STARCH, COCOA SOLIDS (2:7% Per 1 MILK SOLIDS, RAISING AGENTS (500i)& 503(0)1, EMULSIRERS r (471& 322(0)) AND IODISED SALT, CONTAINS PERMITTED HATURAL (150a&150d)&SYNTHETIC (122,110, 133&102) FOOD COLOURS AND ADDED FLAVOURS (NATURE IDENTICAL&ARTIFICIAL (VANILLA, CHOCOLATE MILK MILKY COCOA) FLAVOURING SUBSTANCES (Numbers in brackets as per International Numbering System CONTAINS WHEAT, MILK AND SOYA STORE IN A CO00L, HYGIENIC AND DRY PLACE TRANSFER wChole CONTENTS T0 A CLEAN AIRTIGHT CONTAINER ONCE OPENEDof wFatEner",e,4,https://images.openfoodfacts.org/images/products/890/106/313/9329/front_en.14.400.jpg,,,yes,5/8
8902080000227,Sting Energy,Sting,Energy drink with sugar,1,,Green Dot,,"CARBONATED WATER, SUGAR, ACIDITY REGULATORS (330, 331), SEQUESTERANTS (452(1), 385),TAURINE, CAFFEINE (0.03%), PRESERVATIVES (211, 202), SWEETENERS (955, 950), INOSITOL, VITAMINS PREMIX. CONTAINS PERMITTED SYNTHETIC FOOD COLOUR (129) AND ADDED FLAVOUR (NATURAL AND NATURE IDENTICAL FLAVOURING SUBSTANCES)",e,4,https://images.openfoodfacts.org/images/products/890/208/000/0227/front_en.81.400.jpg,,,yes,6/8
8906010500764,balaji wafers chataka pataka,Balaji,"Biscuits, Crisps, Crackers (Appetizers), namkeen",25g,,Green Dot India,,"Rice meal (43%), edible vegetable oil (palmolein, rice bran), corn meal (3%), chickpea flour, edible common salt, spices & condiments 2% (cumin, chilli black pepper, dry mango), dehydrated vegetable powder (onion, garlic) sugar, acidity regulator (ins 330), anticaking agent (ins 551), flavour enhancer (ins 627, ins 631), natural and nature identical flavouring substances (garlic, black pepper), paprika extract (ins 160C).",e,4,,,,no,6/8
8901063093522,Good Day - Cashew Cookies,Britannia,"Biscuits or cookies variety packs, Biscuit mixes, Biscuits/Cookies (Shelf Stable)",52.5 g,,Green Dot India,,"INGREDIENTS REFINED WHEAT FLOUR (MAIDA), EDIBLE VEGETABLE OIL (PALM), SUGAR, CASHEW NUTS (4.5%), INVERT SYRUP, MILK SOLIDS, BUTTER (96%), RAISING AGENTS (503&5000TH 100ISED SALT AND EMULSIFIERS (322,471,472) CONTAINS ADDED FLAVOURS (NATURE IDENTICAL AND ARTIFICIAL (MILK AND VANILLA) FLAVOURING SUBSTANCES! (Numbers in brackets as per laternational Numbering System) CONTAINS WHEAT, NUTS, MILK AND SOYA.",unknown,4,https://images.openfoodfacts.org/images/products/890/106/309/3522/front_en.28.400.jpg,,,yes,6/8
8901058017687,maggi,Maggi,"Noodles, Maggi, Maggie",75,,,,"Refined maida,palm oil,lodized salt,wheat gluten,thickeners(500&412),acidity regulators(501&500)and humectant(451(i)), MASALA TASTEMAKER&quot;: Mixed Spices (26.2%) (Onion powder, Coriander powder, Red chilli powder, Turmeric powder, Garlic powder, Cumin powder, Aniseed powder, Ginger powder, Fenugreek powder, Black pepper powder, Toasted onion powder, Clove powder, Green cardamom powder, Nutmeg powder), Hydrolysed groundnut protein, Refined wheat flour (Maida), Sugar, Starch, Palm oil, lodized salt, Thickener (508), Acidity regulator (330), Flavour enhancer (635), Colour (150d), Mineral and Wheat gluten. And NOODLES:  Refined wheat flour (Maida), Palm oil, lodized salt, Wheat gluten, Thickeners (508 & 412).  Acidity regulators (501(i) & 500(i)) and Humectant (451(i)). Allergen Note: Contains Wheat & Nut. May contain Milk, Oats and Soy .",e,4,https://images.openfoodfacts.org/images/products/890/105/801/7687/front_en.13.400.jpg,,,yes,5/8
8901063162914,Marie Gold Biscuit,Britannia,Biscuits,64 g,,"Halal, No Trans fat, FSSC ISO 22000, Green Dot India, HACCP",,"REFINED WHEAT FLOUR (MAIDA) (73%), SUGAR, REFINED PALM OIL, INVERT SUGAR SYRUP, MILK PRODUCTS (MILK SOLIDS & SWEETENED CONDENSED PARTLY SKIMMED MILK), RAISING AGENTS [503(i)&500), 10DISED SALT, MINERALS, ARTIFICIAL (MILK & VANILLA) & NATURE IDENTICAL FLAVOURING SUBSTANCES, EMULSIFIER (472e), DOUGH CONDITIONER (223) VITAMINS AND COLOUR (150d).",e,4,https://images.openfoodfacts.org/images/products/890/106/316/2914/front_en.3.400.jpg,,,yes,6/8
8906010500559,Mung Dal,Balaji,"Snacks, Food",25 g,,,,"INGREDIENTS: MUNG BEAN SPLITS (85%), EDIBLE VEGETABLE OIL (PALMOLEIN, RICE BRAN), EDIBLE COMMON SALT, BLACK SALT.",d,,https://images.openfoodfacts.org/images/products/890/601/050/0559/front_es.15.400.jpg,,,yes,5/8
8901764042911,Thums up,Thums up,"Carbonated waters, Colas, Sweetened beverages",250 ml,"Plastic,bottle",Green Dot India,,"Carbonated water, sugar, acidity regulator (338), caffeine (8.1 mg/100 g), sweetener (960), colour (150 d), flavours (natural, nature-identical & artificial (cola) flavouring substances).",e,4,https://images.openfoodfacts.org/images/products/890/176/404/2911/front_en.41.400.jpg,,,yes,7/8
8906010500245,Balaji Wafers Masala Sev Murmura,Balaji Wafers,Wafers,40 g,,Green Dot India,,,e,,https://images.openfoodfacts.org/images/products/890/601/050/0245/front_en.20.400.jpg,,,yes,5/8
8906010502232,Balaji wafers panjabi tadka,Balaji,"Crisps, Namkeen",22g,,Vegetarian,,"EDIBLE VEGETABLE OIL (PALMOLEIN, RICE BRAN), POTATO FLAKES (23%), CHICKPEA FLOUR (19%), MOTH BEAN FLOUR, STARCH, BLACK SALT, EDIBLE COMMON SALT, SUGAR, DEHYDRATED VEGETABLE POWDER ONION GARLIC, SPICES & CONDIMENTS (CHILLI, DRY MANGO, CUMIN, CORIANDER TURMERIC, NUTMEG, MACE), MILK SOLIDS (WHEY) (0.06%), HYDROLYZED VEGETABLE PROTEIN (SOYA), ACIDITY REGULATOR (INS 296, INS 330 ANTICAKING AGENT (INS 551), FLAVOUR ENHANCER (INS 627, INS 631 TURAL & NATURE IDENTICAL FLAVOURING SUBSTANCES (CHILLI, CUMIN",e,4,https://images.openfoodfacts.org/images/products/890/601/050/2232/front_en.6.400.jpg,,,yes,6/8
8906010500900,Wheelos Masala Flavour,Balaji Wafers,Appetizers,22 g,,Green Dot India,,"REFINED WHEAT FLOUR (MAIDA) (60%), EDIBLE VEGETABLE OIL (PALMOLEIN, RICE BRAN), TAPIOCA STARCH, CORN FLOUR, EDIBLE COMMON SALT, DEHYDRATED VEGETABLE POWDER (ONION, GARLIC, TAMARIND), SPICES & CONDIMENTS 2% (DRY MANGO, CHILLI, PEPPER, CUMIN), SUGAR, YEAST EXTRACT, ACIDITY REGULATOR (INS 296, INS 330, INS 334), NATURAL & NATURE IDENTICAL FLAVOURING SUBSTANCES (MASALA), FLAVOUR ENHANCER (INS 627, INS 631), ANTICAKING AGENT (INS 551, INS 341 (III)), PAPRIKA EXTRACT (INS 160C).",e,4,https://images.openfoodfacts.org/images/products/890/601/050/0900/front_en.20.400.jpg,,,yes,6/8
8906010500023,POTATO WAFERS,Balaji,"Appetizers, POTATO WAFERS",,,Green Dot India,,"POTATO (89%), EDIBLE VEGETABLE OIL (PALMOLEIN), EDIBLE COMMON SALT (0.4%).",e,3,https://images.openfoodfacts.org/images/products/890/601/050/0023/front_en.8.400.jpg,,,yes,5/8
8901764032912,Sprite,"Coca-Cola, sprite","Sodas, Sweetened beverages",250 ml,"India,Transparent",,"Telangana, West Bengal","CARBONATED WATER, SUGAR, ACIDITY REGULATORS (330, 331(iii)), PRESERVATIVE (211), SWEETENER(960), FLAVOURS (NATURAL FLAVORING SUBSTANCES).",e,4,https://images.openfoodfacts.org/images/products/890/176/403/2912/front_en.26.400.jpg,,,yes,7/8
7622202225512,Original Oreo,Cadbury,"Filled biscuits, Des",,,,,"Refined Wheat Flour (Maida), Sugar, Fractionated Fat, Palmolein, Invert Sugar, Cocoa Solids (2%) Lening Agents 50g (i), 503(ii), Starch, lodised Salt, Emulsifies Naturetical Flavouring Substances. Allergen Inition Contains Wheat, Sulphite, Soy. May Contain and Barley. T&C apply €40 e 2025/7/18 21:04",e,4,https://images.openfoodfacts.org/images/products/762/220/222/5512/front_en.28.400.jpg,,,yes,4/8
8904043901015,Tata Salt,Tata,"Table salts, Groceries",1 kg,"Plastic, HDPE",Green Dot India,India,"Edible Common Salt, Potassium Iodate (2mg) and Anticaking Agent (INS 536)",not-applicable,2,https://images.openfoodfacts.org/images/products/890/404/390/1015/front_en.34.400.jpg,,,yes,8/8
8901058000290,maggi,Nestlé,"Instant noodles, Instant Noodles with Seasoning",70,,Green Dot India,,"NOODLES: Refined wheat flour (Maida), Palm oil, lodized salt, Wheat gluten, Thickeners (508 & 412). Acidity regulators (501(i) & 500(i)) and Humectant (451(i)). MASALA TASTEMAKER®: Mixed spices (25.6%) (Onion powder, Coriander powder, Turmeric powder, Red chilli powder, Garlic powder, Cumin powder, Aniseed powder, Ginger powder, Fenugreek powder, Black pepper powder, Clove powder, Green cardamom powder & Nutmeg powder), Refined wheat flour (Maida), Hydrolysed groundnut protein, Sugar, Palm oil, Starch, lodized salt, Thickener (508), Flavour enhancer (635), Toasted onion flakes, Acidity regulator (330). Colour (150d), Mineral and Wheat gluten. Allergen Note: Contains Wheat & Nut. May contain Milk, Mustard, Oats And Soy.",e,4,https://images.openfoodfacts.org/images/products/890/105/800/0290/front_en.36.400.jpg,,,yes,6/8
3948764032912,Sprite,"Coca-Cola, Sprite",Sodas,250ml,,,,Sprite,unknown,,https://images.openfoodfacts.org/images/products/394/876/403/2912/front_en.12.400.jpg,,,yes,5/8
8901063092853,Good Day cashew cookie,Britannia,Biscuits,30.2 g,,,,"REFINED WHEAT FLOUR, SUGAR, EDIBLE VEGETABLE OIL (PALM), SUGAR, CASHEW BUTS (4.5%), INTERESTERIFIED VEGETABLE FAT, COCOA SOLIDS (3%), INVERT SYRUP, MILK SOLIDS, BUTTER (0.6%) RAISING AGENTS [503(II), 500(II), IODISED SALT AND EMULSIFIER(322, 471, 472E). CONTAINS ADDED FLAVOURS [NATURE IDENTICAL AND ARTIFICIAL FLAVOURING SUBSTANCES - MILK AND VANILLA]",e,4,https://images.openfoodfacts.org/images/products/890/106/309/2853/front_en.4.400.jpg,,,yes,5/8
8906017290040,Bisleri 1ltr MADE IN INDIA,Bisleri,Waters,1,,,,"TREATED WATER, MINERALS (CALCIUM CHLORIDE, MAGNESIUM SULPHATE, POTASSIUM BICARBONATE).",b,1,https://images.openfoodfacts.org/images/products/890/601/729/0040/front_en.8.400.jpg,,,yes,5/8
3948764042911,thums up,thumsup,"Colas, Sweetened beverages",250ml,,Green Dot India,,,e,,https://images.openfoodfacts.org/images/products/394/876/404/2911/front_en.20.400.jpg,,,yes,5/8
8901719129988,Happy happy - Parl,Parle,"Biscuits, Happy happy biscuit",31.5 g,,,"Maharashtra, Tamil Nadu, Telangana, Uttarakhand","REFINED WHEAT FLOUR(MAIDA), SUGAR, REFINED PALM OIL, CHOCO CHIPS(8.4%), [SUGAR, EDIBLE VEGETABLE FAT (HYDROGENATED OILS), COCOA SOLIDS, DEXTROSE, EMULSIFIER (SOY LECITHIN) AND ARTIFICIAL FLAVOURING SUBSTANCES (VANILLA)], INVERT SUGAR SYRUP, COCOA SOLIDS (0.5%), IODISED SALT, RAISING AGENTS [503 (ii), 500 (ii)] AND EMULSIFIER OF VEGETABLE ORIGIN (472e) CONTAINS PERMITTED NATURAL FOOD COLOURS [ 150c, 150d ] AND ADDED FLAVOUR (ARTIFICIAL FLAVOURING SUBSTANCES - CHOCOLATE).",e,4,https://images.openfoodfacts.org/images/products/890/171/912/9988/front_en.14.400.jpg,,,yes,6/8
7622202334009,dairy milk,"Cadbury, Dairy Milk",Milk chocolates,11 g,,Green Dot India,,,e,,https://images.openfoodfacts.org/images/products/762/220/233/4009/front_en.9.400.jpg,,,yes,5/8
8906010500627,Chataka Pataka Tangy Tomato,Balaji,"Crisps, Chatapataka, Chis",,,,,"Rice meal (42%), edible vegetable oil (palmolein, rice bran), corn meal (13%), chickpea flour, sugar, edible common salt, dehydrated vegetable powder (tomato (0.8%), onion, garlic), chilli powder, anticaking agent (ins 551), emulsifier (ins 414), flavour enhancer (ins 627, ins 631), natural & nature identical flavouring substances (tomato).",e,4,https://images.openfoodfacts.org/images/products/890/601/050/0627/front_en.4.400.jpg,,,yes,4/8
8901030921667,kissan,Kissan,"Ketchup, Tomato & Chill Ketchup",1,,,,"WATER, TOMATO PASTE* (28%), SUGAR, IODISED SALT, ACIDITY REGULATOR - E260, STABILIZERS - E1422, E415, PRESERVATIVE - E211, ONION POWDER, GARLIC POWDER, SPICES AND CONDIMENTS.",e,4,https://images.openfoodfacts.org/images/products/890/103/092/1667/front_en.39.400.jpg,,,yes,5/8
8901764092206,Maaza,"Mazza, The Coca-Cola Company","Juices and nectars, juice",600 ml,,Green Dot India,,"WATER, MANGO PULP (19.5%), SUGAR, ACIDITY REGULATORS (330, 331(iii)), ANTIOXIDANT (300), PRESERVATIVE (202), COLOUR (110), MANGO FLAVOURS (NATURAL, NATURE-IDENTICAL & ARTIFICIAL FLAVOURING SUBSTANCES).",e,4,https://images.openfoodfacts.org/images/products/890/176/409/2206/front_en.86.400.jpg,,,yes,6/8
8901030535895,Bru Instant Coffee,Bru,"Coffees, Instant coffees",1.2 g,,Green Dot India,,"Coffee 70%, Chicory 30%",unknown,1,https://images.openfoodfacts.org/images/products/890/103/053/5895/front_en.3.400.jpg,,,yes,6/8
8901030897542,kissan fresh tomato,Kissan,Tomato Ketchup,90g,,Green Dot India,,"water, tomato paste (28%), sugar, iodised salt, acidity regulator-E260, stabilizers - E1422, E415, Preservetive - E211, Onion power, garlic powder, spices and condiments.",e,4,https://images.openfoodfacts.org/images/products/890/103/089/7542/front_en.22.400.jpg,,,yes,6/8
8901764082405,Kinley Mineral Water 1ltr,Kinley,Waters,6,Plastic bottles,,Delhi,"Treated Water, Salts of Sodium and Magnesium",b,1,https://images.openfoodfacts.org/images/products/890/176/408/2405/front_en.40.400.jpg,,,yes,7/8
8906010500337,Aloo Sev,Balaji,"Snacks, Snack Mixes, indian",22g,,Green Dot India,,Ok,e,,https://images.openfoodfacts.org/images/products/890/601/050/0337/front_en.4.400.jpg,,,yes,6/8
8901063029255,Jimjam 57g (57),Britannia,Biscuits,57 g,,Green Dot India,,"REFINED WHEAT FLOUR (MAIDA), SUGAR (24%), REFINED PALM OIL & INTERESTERIFIED VEGETABLE FAT, INVERT SUGAR SYRUP, DEXTROSE, MILK PRODUCTS (MILK SOLIDS & SWEETENED CONDENSED MILK), EDIBLE MAIZE STARCH, MALTODEXTRIN, FRUIT PRODUCTS (0.7%) (APPLE JUICE CONCENTRATE, BANANA POWDER & PLUM JUICE CONCENTRATE), IODISED SALT, EMULSIFIERS [322(i) & 471], RAISING AGENTS [503(ii) & 500(ii)], NATURE IDENTICAL AND ARTIFICIAL (MIXED FRUIT, VANILLA & BUTTER) FLAVOURING SUBSTANCES, ACIDITY REGULATORS (330 & 331), GELLING AGENT (440) AND COLOUR (122). (Numbers in brackets as per International Numbering System) CONTAINS WHEAT, MILK AND SOYA. ydrate-73g, of which Total 31 Total Fat-19g/141 no unsaturated fatty acids-7.29 fss Lic. No. 10015 100120260N For Mfg unit address & Lic. No. read the last two characters of CWALIOR 474005, MADHYA PRADESH Lic. No. the &quot;Lot No. and see address panel. 06-1.8. MANGHARAM FOODS 01129",d,4,https://images.openfoodfacts.org/images/products/890/106/302/9255/front_en.9.400.jpg,,,yes,6/8
8901491100519,Kurkure,Kurkure,"Crisps, Namkeen",78 g,Plastic,Vegetarian,India,"Cereal Products (66%) (Rice Meal (43.5%), Corn Meal (23%)), Edible Vegetable Oil (Palmolein),*Seasoning (~Spices and Condiments, lodised Salt, Sugar, Flavour (Natural and Nature Identical Flavouring Substances), Black Salt, Tomato Powder, Acidity Regulators (330, 296, 334), Colour(160c), Maltodextrin) , Gram Meal (0.5%).",e,4,https://images.openfoodfacts.org/images/products/890/149/110/0519/front_en.48.400.jpg,,,yes,8/8
8901262010016,Amul Pasteurized Butter,Amul,Butters,100.0 g,Paper,Green Dot India,Gujarat india,"Butter, common salt. CONTAINS PERMITTED NATURAL COLOUR [ANNATTO]",e,4,https://images.openfoodfacts.org/images/products/890/126/201/0016/front_en.53.400.jpg,,,yes,8/8
8901764042904,Thumsup,Coca-Cola,Sodas,1 litter,,,,,e,,https://images.openfoodfacts.org/images/products/890/176/404/2904/front_en.6.400.jpg,,,yes,4/8
8901262200196,Amul Masti Spiced Buttermilk 200ml,Amul,"Beverages, Milks, Buttermilks",200mL,plastic bottle,"No preservatives, Green Dot India",,"Milk solids, water, iodised salt, spices & condiments (1%), stabilizer [460(i)]. Allergen Information: Contains milk.",c,4,https://images.openfoodfacts.org/images/products/890/126/220/0196/front_en.54.400.jpg,,,yes,7/8
8906010502119,Chataka pataka,Balaji,"Crisps, Chataka pataka",25,,,,,d,,https://images.openfoodfacts.org/images/products/890/601/050/2119/front_en.7.400.jpg,,,yes,4/8
8901764032707,Sprite,Coca Cola,"Artificially sweetened beverages, Sodas, Still fruit soft drink with reduced sugar and with 10-50% of fruit juice, Sweetened beverages",600 ml,plastic bottle,"10% less sugar, Green Dot India",,"CARBONATED WATER, SUGAR, ACIDITY REGULATORS (330,331(ii)), PRESSERVATIVE (211) & SWEETENER (960).",e,4,https://images.openfoodfacts.org/images/products/890/176/403/2707/front_en.20.400.jpg,,,yes,7/8
8906010502294,Flaming hot nachos,,Crisps,,,,,"CORN (74%), EDIBLE VEGETABLE OIL (PALMOLEIN, RICE BRAN), EDIBLE COMMON SALT, CHILLI POWDER, BLACK SALT, MALTODEXTRIN, DEHYDRATED VEGETABLE POWDER (GARLIC, ONION, LEMON), HYDROLYZED VEGETABLE PROTEIN (SOYA), ACIDITY REGULATOR (INS 330), FLAVOUR ENHANCER (INS 627, INS 631), YEAST EXTRACT, OREGANO, ANTICAKING AGENT (INS 551), NATURAL & NATURE IDENTICAL FLAVOURING SUBSTANCES (CHILLI, LEMON), PAPRIKA EXTRACT (INS 160C).",e,4,https://images.openfoodfacts.org/images/products/890/601/050/2294/front_en.8.400.jpg,,,yes,3/8
8906010500078,Balaji Farali Chivda,Balaji Namkeen,Snacks,22g,,Green Dot India,,"POTATO (75%) ROASTED PEANUT (12%), EDIBLE VEGETABLE OIL, SUGAR, ROCK SALT, SPICES & CONDIMENTS (CHILLI, TURMERIC, DRY MANGO, CLOVE, CAROM SEED, CARDAMOM NUTMEG, MACE, BAY LEAVES).",d,3,https://images.openfoodfacts.org/images/products/890/601/050/0078/front_en.5.400.jpg,,,yes,6/8
8901491366052,Puffcorn,Kurkure,"Crackers (Appetizers), Corn chips, Puffed salty snacks",58 g,,,,"Cereal Products (67%) (Corn Meal (53%). Rice Meal), Edible Vegetable Oil (Palmolein), ++Seasoning (Sugar, lodised Salt, Maltodextrin, &quot;Spices and Condiments, Milk Solids, Cheese, Salt Substitute (Potassium Chloride), Flavour (Natural and Nature Identical Flavouring Substances), Flavour Enhancers (627, 631), Acidity Regulators (296, 330), Emulsifying & Stabilising Agent (331 (iii), 471, 327), Gram Meal, Firming Agent (170(i)), lodised Salt. **As flavouring agent. ~Contains Onion and Garlic ALLERGEN ADVICE: Contains Soy, Milk, Wheat",e,4,https://images.openfoodfacts.org/images/products/890/149/136/6052/front_en.32.400.jpg,,,yes,5/8
8901719135248,Krackjack,Parle,Biscuits,56.7g,,Green Dot India,,"REFINED WHEAT FLOUR (MAIDA), REFINED OILS (PALMOLEIN AND PALM), SUGAR (19.1%), RAISING AGENTS [ 503 (ii), 10 (ii), 341 (i) ], INVERT SUGAR SYRUP, IODISED SALT(0.9%) YEAST, ACIDITY REGULATORS [270,296], FLOUR TREATMENT AGENTS [223,1101 (ii),1100(i)], EMULSIFIER OF VEGETABLE ORIGIN [472e] CONTAINS ADDED FLAVOURS (ARTIFICIAL FLAVOURING SUBSTANCE-VANILLA, BUT ER)",e,4,https://images.openfoodfacts.org/images/products/890/171/913/5248/front_en.25.400.jpg,,,yes,6/8
8906010501570,Balaji Wafers Crunchex,Balaji,"Crisps, Salty snacks made from potato, Kurkure",32g,,Green Dot India,,"POTATO (84%), EDIBLE VEGETABLE OIL (CONTAINS ONE OR MORE OF THE FOLLOWINGS: PALMOLEIN, GROUNDNUT), **SEASONING [SUGAR, MALTODEXTRIN, SALT, SPICES & CONDIMENTS (CHILLI (0.5%), PEPPER), DEHYDRATED VEGETABLE POWDER (ONION, GARLIC, TOMATO), BLACK SALT, ACIDITY REGULATOR (INS 330, INS 296, INS 334), MILK SOLIDS (0.1%), HYDROLYZED VEGETABLE PROTEIN SOYA), ANTICAKING AGENT (INS 551), FLAVOUR ENHANCER (INS 627, INS 631) FLAVOUR (NATURAL & NATURE IDENTICAL FLAVOURING SUBSTANCES), PAPRIKA EXTRACT (INS 160C), STABILIZER (INS 340), EMULSIFIER (INS 470)]",d,4,https://images.openfoodfacts.org/images/products/890/601/050/1570/front_en.13.400.jpg,,,yes,6/8
8996001312506,Malkist Cheese Flavoured Crunchy Layered Cracker Biscuits,Mayora,"Biscuits, Crackers (Appetizers), cream-biscuit",144g,,"Green Dot, Green Dot India",,"Refined Wheat Flour Edible Vegetable Oil (Palmolein) Sugar (15.8%), Whey Powder, Glucose Syrup, Milk Solids (1.67%)(SMP), Cheese Powder (Cheese, Maltodextrin)(1.62%), Tapioca Starch, Leavening Agent (E503(ii), E500(ii)), Edible Common Salt, Baker's Yeast, Malt Extract (0.42%), Butter, Artificial Flavouring Substance (Cheese), Emulsifier (Soy Lecithin E322(i)), Vitamin Premix (Thiamine Mononitrate, Riboflavin, Pyridoxine Hydrochloride, Cyanocobalamin), Permitted Synthetic Food Colour (E102, E110).",e,4,https://images.openfoodfacts.org/images/products/899/600/131/2506/front_en.3.400.jpg,,,yes,6/8
8901058005233,Kitkat mini chocolate coated wafer,"KitKat, Nestle nutrition","Chocolate candies, Bars, Chocolate biscuits, Dark chocolate bar",11.9g,,,,"Sugar, Milk Solids. Fractionated vegetable Fat, Hydrogenated Vegetable fats, Refined Wheat flour (Maida), Cocoa solids (4.5%), Emulsifier (Soya lecithin), Yeast, Raising agent, Artificial flavouring substance (vanilla), Iodised salt, Flour treatment agent (516) and Nature Identical flavoring substance",e,4,https://images.openfoodfacts.org/images/products/890/105/800/5233/front_en.26.400.jpg,,,yes,5/8
8902080104581,Pepsi,Pepsi Cola,"Carbonated waters, Carbonated soft drinks without fruit juice, Cola with sugar, Diet cola soft drink, Sweetened beverages",400ml,,Green Dot India,,"CARBONATED WATER, SUGAR, COLOUR (150d), ACIDITY REGULATOR (338), CAFFEINE (10 mg/100g), FLAVOUR (NATURAL FLAVOURING SUBSTANCES), STABILIZER (436). CONTAINS CAFFEINE",e,4,https://images.openfoodfacts.org/images/products/890/208/010/4581/front_en.3.400.jpg,,,yes,6/8
8901063023901,Marie Gold,Britannia,"Biscuits, Snack biscuit with fruits filling",250,Plastic,,,"REFINED WHEAT FLOUR (MAIDA)(73%), SUGAR, REFINED PALM OIL, INVERT SUGAR SYRUP, MILK SOLIDS, RAISING AGENTS [503(ii) & 500 (ii)], IODIZED SALT, EMULSIFIER(472e), CALCIUM SALT, DOUGH CONDITIONER(223), VITAMINS*, FERROUS SALT AND POTASSIUM IODATE. CONTAINS PERMITTED NATURAL COLOUR (150d) AND ADDED FLAVOURS NATURE IDENTICAL & ARTIFICIAL (MILK & VANILLA) FLAVOURING SUBSTANCES] (Numbers in brackets as per International Numbering System) CONTAINS WHEAT, MILK AND SULPHITE.",e,4,https://images.openfoodfacts.org/images/products/890/106/302/3901/front_en.6.400.jpg,,,yes,6/8
8901030921797,kissan fresh tomato,"Kissan, Unilever",Tomato Ketchup,,,Green Dot India,,"water, tomato paste (28%), sugar, iodised salt, acidity regulator - E260, stabilizers - E1422, E415, preservative - E211, onion powder, garlic powder, spices, condiments",e,4,https://images.openfoodfacts.org/images/products/890/103/092/1797/front_en.14.400.jpg,,,yes,5/8
8901719135118,MONACO,Parle,"Appetizers, Biscuits, Monaco-biscuit",,,,,Biscuit,d,3,https://images.openfoodfacts.org/images/products/890/171/913/5118/front_en.24.400.jpg,,,yes,4/8
8901063162532,Marie gold,Britannia,Biscuits,33g,,,,,d,,https://images.openfoodfacts.org/images/products/890/106/316/2532/front_en.5.400.jpg,,,yes,4/8
3948764061257,Diet coke,Coca-Cola,Diet cola soft drink,300 ml,,,,"carbonated water, caramel color, aspartame, phosphoric acid, potassium benzoate, natural flavors, citric acid, and caffeine",c,4,https://images.openfoodfacts.org/images/products/394/876/406/1257/front_en.4.400.jpg,,,yes,5/8
89080153,Maggi masala magic,"Maggi, Maggie",Spices,6g,,Green Dot India,,"Mixed spices (38.7%) (Red chilli powder (7%), Onion powder Cumin powder (5.2%), Garlic powder Coriander powder, Capsicum extract, Turmeric powder (3.5%), Aniseed (1.4%), Black pepper powder (0.9%), Fenugreek powder (0.7%), Ginger powder, Clove powder (0.3%), Green cardamom powder (0.3%), Nutmeg powder (0.3%). Coriander extract & Cumin extract) Salt Sugar Flavour enhancer (635), Palm oil, Edible starch, Balm Acidity regulator (330), Minerals&quot;, Caramel salt mix (Salt, Colour (150d) & Palm oil) and Vitamin A.",not-applicable,4,https://images.openfoodfacts.org/images/products/000/008/908/0153/front_en.8.400.jpg,,,yes,6/8
8901764032905,Sprite,"Coca cola, Sprite","Artificially sweetened beverages, Sodas",2.25l,,,,"CARBONATED WATER, SUGAR, ACIDITY REGULATORS (330, 331(iii)), PRESERVATIVE (211), SWEETENER (960), FLAVOURS (NATURAL FLAVOURING SUBSTANCES).",e,4,https://images.openfoodfacts.org/images/products/890/176/403/2905/front_en.28.400.jpg,,,yes,5/8
8904272600291,Storia 100% Tender Coconut Water 1L,Storia Foods & Beverages,Coconut waters,10,,"Green Dot India, No added sugar, No flavors, Packed With Electrolytes",,Water and Coconut Water Concentrate (9.6%). CONTAINS PERMITTED CLASS II PRESERVATIVES (INS202),c,3,https://images.openfoodfacts.org/images/products/890/427/260/0291/front_en.32.400.jpg,,,yes,6/8
8901764092305,Maaza Origina,HINDUSTAN COCA-COLA BEVERAGES PVT LTD.,Sweetened beverages,1.2L,,Green Dot India,,"WATER, MANGO PULP (19.5%), SUGAR, ACIDITY REGULATOR (330), ANTIOXIDANT(300) AND PRESERVATIVE (202) CONTAINS PERMITTED SYNTHETIC FOOD COLOUR (110) AND ADDED MANGO FLAVOURS (NATURAL, NATURE-IDENTICAL AND ARTIFICIAL FLAVOURING SUBSTANCES).",e,4,https://images.openfoodfacts.org/images/products/890/176/409/2305/front_en.4.400.jpg,,,yes,6/8
8901595862962,Schezwan Chutney,Ching's Secret,Schezean Chutney,250 g,Glass,,,"Water, Sunflower Oil, Sugar, Ginger, Salt, Chilli, Garlic, Onion, Corn Starch, Flavour Enhancer (E635), Thickener (E1422), Acidity Regulator (E260), Spices (Whte Pepper, Schezwan Pepper), Preservatives (E202, E211). Celery, Soy Sauce Powder (Soybean, Wheat, Salt).",e,4,https://images.openfoodfacts.org/images/products/890/159/586/2962/front_en.51.400.jpg,,,yes,6/8
8901262260121,Amul Taaza Milky Milk,"Amul, Amul taaza",Whole pasteurised milks,500 ml,Plastic,Without antibiotics or hormones,vasai,PASTEURISED HOMOGENISED TONED MILK,c,,https://images.openfoodfacts.org/images/products/890/126/226/0121/front_en.52.400.jpg,,,yes,8/8
8906010500863,Shing Bhujiya - Nimbu Chatka,Balaji Wafers,"Appetizers, Bhujia, Shing-bhujiq",24g,,,,,e,,https://images.openfoodfacts.org/images/products/890/601/050/0863/front_en.3.400.jpg,,,yes,4/8
8901491361026,Kurkure Masala Munch,"Kurkure, PepsiCo","Crisps, Crackers (Appetizers), Puffed salty snacks, Masala-munch-with-gingelly-oil",41.5g,Plastic,,"Ameya Foods, Lic . No. 11221999000261","Cereal Products(61%)(Rice Meal(42%),Corn Meal(19%),Edible vegetable oil(palmolein,sesame oil),*Seasoning(~spices and condiments,iodised salt,maltodextrin,sugar,black salt,acidity regulators(330,296,334),tomato powder,hydrolysed soy protein,flavour(natiral and nature identitical flavouring substances),Dxtrose,emulsfier(414),milk solids,edibile starch,flavour enhancers(627&631)),Gram meal(3%) *as flavouring agent . ~contains onion and garlic",e,4,https://images.openfoodfacts.org/images/products/890/149/136/1026/front_en.51.400.jpg,,,yes,7/8
8901764061257,Diet Coke Can 250ml,Coke,Diet cola soft drink,4,Can,Coke,,"CARBONATED WATER, ACIDITY REGULATOR (338), SWEETENERS (951,950), PRESERVATIVE (211), CAFFEINE. CONTAINS PERMITTED NATURAL COLOUR (150d) AND ADDED FLAVOURS (NATURAL FLAVOURING SUBSTANCÉS).",c,4,https://images.openfoodfacts.org/images/products/890/176/406/1257/front_en.15.400.jpg,,,yes,7/8
8906010500481,Crunchm,Balaji,"Appetizers, Chips and fries",,,,,Potato,b,3,https://images.openfoodfacts.org/images/products/890/601/050/0481/front_en.3.400.jpg,,,yes,4/8
8901725016258,Dark fantasy bourbon,,Biscuits,,,,,,unknown,,https://images.openfoodfacts.org/images/products/890/172/501/6258/front_en.13.400.jpg,,,yes,2/8
8901764042706,Thumsup,Cola,"Colas, Sweetened beverages",740ml,Tray,Green Dot India,,"CARBONATED WATER, SUGAR,ACIDITY REGULATOR (E 338), CAFFEINE(8.3 mg/100 g), SWEETENER (E 960), COLOUR (E 150d),ARTIFICIAL (COLA) FLAVORING SUBSTANCES)",e,4,https://images.openfoodfacts.org/images/products/890/176/404/2706/front_en.26.400.jpg,,,yes,7/8
8901764362804,Pulpy Orange,Minute Maid,Orange juices,250ml,,,,"Water,Sugar,Orange Juice (10.5%)(Reconstituted From Orange Juice Concentrate & Orange Pulp Cells), Acidity Regulators (330,331(iii)),Antioxidant(300),Colors(110,102),Orange Flavours(Natural,Natural-Identical And Artificial Flavouring Substances).",e,4,https://images.openfoodfacts.org/images/products/890/176/436/2804/front_en.40.400.jpg,,,yes,5/8
8901719123870,Parle-G 250g,Parle,Biscuits,,,,,,unknown,,https://images.openfoodfacts.org/images/products/890/171/912/3870/front_en.27.400.jpg,,,yes,3/8
3948764032707,Sprite,Coca-Cola Company,"Sodas, Carbonated waters, Sweetened beverages",740ml,,,,"CARBONATED WATER, SUGAR, ACIDITY REGULATORS (330, 331), PRESERVATIVE SWEETENER (960), FLAVOURS (NATURAL FLAVOURING SUBSTANCES).",e,4,https://images.openfoodfacts.org/images/products/394/876/403/2707/front_en.11.400.jpg,,,yes,5/8
8906032018513,Doodh Biscuits,Patanjali,Biscuits,35 g,,,,"Wheat Flour (Atta )- 58.6%, Edible Vegetable Oil (Palm), Sugar, Liquid Glucose, Milk Solids (1.7%), lodized Salt, Leavening agents [INS-500(ii), INS 503(ii), INS - 341(1), Cheese, Dough Conditioner (INS 223), Antioxidant (INS 319), Emulsifier [INS 322). Natural, Nature Identical Artificial Flavouring Substances (Milk & Vanilla). CONTAINS WHEAT, MILK, SOY, SULPHITE",e,4,https://images.openfoodfacts.org/images/products/890/603/201/8513/front_en.3.400.jpg,,,yes,5/8
8901764042300,Thums Up,Coca-Cola,"Colas, Sweetened beverages",,,,,"CARBONATED WATER, SUGAR, ACIDITY REGULATOR (330 CAFFEINE (8.1 mg/100 g), SWEETENER (960), COLOUR (150 d), FLAVOURS NATURAL, NATURE-IDENTICAL & ARTIFICIAL (COLA) FLAVOURING SUBSTANCES).",e,4,https://images.openfoodfacts.org/images/products/890/176/404/2300/front_en.6.400.jpg,,,yes,4/8
8901725118938,Bingo Tedhe Medhe,Bingo,"Crisps, Plain salty snacks",19.2g,,,,chili powder extra,e,,https://images.openfoodfacts.org/images/products/890/172/511/8938/front_en.29.400.jpg,,,yes,5/8
8901764032301,Sprite,Sprite,"Sodas, Sweetened beverages",1 L,,,,"CARBONATED WATER, SUGAR, ACIDITY REGULATORS (330, 331(iii)), PRESERVATIVE (211), SWEETENER (960), FLAVOURS (NATURAL FLAVOURING SUBSTANCES).",e,4,https://images.openfoodfacts.org/images/products/890/176/403/2301/front_en.4.400.jpg,,,yes,5/8
8906010500016,Simply Salted,Balaji Wafers,Crisps,30 g,Plastic,Green Dot India,,"Potato (89%), Edible Vegetable Oil (Palmolein), Iodized Salt (0.4%).",d,3,https://images.openfoodfacts.org/images/products/890/601/050/0016/front_en.24.400.jpg,,,yes,7/8
8901491001168,Masala munch,,Appetizers,,,,,,e,,https://images.openfoodfacts.org/images/products/890/149/100/1168/front_fr.3.400.jpg,,,yes,2/8
8906010500214,Balaji Wafers Sev Murmura,Balaji Wafers,"Snacks, Puffed rice",25g,,Green Dot India,,"PUFFED RICE (50%), CHICKPEA FLOUR (24%), EDIBLE VEGETABLE OIL (PALMOLEIN, RICE BRAN, CORN), RICE FLOUR, EDIBLE COMMON SALT, SPICES&CONDIMENTS (TURMERIC, CHILLI, CLOVE, GINGER, ASAFOETIDA, CURRY LEAVES), REFINED WHEAT FLOUR (MAIDA), GUM ACACIA.",e,4,https://images.openfoodfacts.org/images/products/890/601/050/0214/front_en.8.400.jpg,,,yes,6/8
8901719121630,20-20,Parle,"Confectioneries, Biscuits",,,,,,e,,https://images.openfoodfacts.org/images/products/890/171/912/1630/front_en.7.400.jpg,,,yes,3/8
8901719105913,parle hide & seek 120g,PARLE,Chocolate biscuits,120g,Plastic,Snacks,kirkhindi khopoli,"Refined wheat flour (maida), chocolate 23% (sugar, cocoa solids, cocoa butter, dextrose), sugar, refined palm oil, invert sugar syrup, raising agent, cocoa solids, iodised salts",e,4,https://images.openfoodfacts.org/images/products/890/171/910/5913/front_en.22.400.jpg,,,yes,8/8
8901030831690,kissan mixed fruit jam,kissan,Tropical fruit jams,200g,,Green Dot India,,"SUGAR, MIXED FRUIT PULP BLEND - 60% (PAPAYA PULP, PEAR PULP, APPLE JUICE, BANANA PULP, PINEAPPLE JUICE, ORANGE JUICE, MANGO PULP, GRAPE JUICE), ACIDITY REGULATOR E330, THICKENER E440, IODISED SALT, VITAMINS & MINERAL, PRESERVATIVE-E202, NATURAL FLAVOURING SUBSTANCES, FOOD COLOUR-E122.",unknown,4,https://images.openfoodfacts.org/images/products/890/103/083/1690/front_en.32.400.jpg,,,yes,6/8
8901719130014,Happy happy biscuit - Parle - Parle,Parle,"Biscuits, Happy happy",63gr,,,,,d,,https://images.openfoodfacts.org/images/products/890/171/913/0014/front_en.3.400.jpg,,,yes,4/8
3948764042904,Thumbs Up,,"Sodas, Thumms up",,,,,,e,,https://images.openfoodfacts.org/images/products/394/876/404/2904/front_en.3.400.jpg,,,yes,2/8
8904004400731,Aloo bhujia,Haldiram's,"Snacks, Namkeen",200 gm,,Green Dot India,,"Potato, Refined Palmolein Oil, Bengal Gram Hour (Besan), Potato Flakes,Potato Starch Tapioca Starch, Tapary Beans (Moth Dal) Flour, iodised Salt, Red Chilli Powder, Black Salt, Acidity Regulator (INS 330), Black Pepper, Clove, Cardamom, Dried Ginger Powder, Dried Garlic Powder, Refined Sugar, Cumin Powder, Bay Leaves, Nutmeg, Cinnamon and Mint Leaves CONTAINS ADDED NATURAL, NATURE IDENTICAL",e,3,https://images.openfoodfacts.org/images/products/890/400/440/0731/front_en.4.400.jpg,,,yes,6/8
8906032018520,Patanjali,,Biscuit (cookie) snack w chocolate filling,80 g,,,,,unknown,,https://images.openfoodfacts.org/images/products/890/603/201/8520/front_en.3.400.jpg,,,yes,3/8
8904004400236,Haldiram's Soya sticks,Haldirams,"Snacks, Soya snack",22g,,,,"Tapioca Starch, Edible Vegetable Oil (Palmolein, Cotton Seed, Corn, Sunflower, Rice Bran), Soya Flour (9%), Split Pulse Urad (Urad Dal) Flour, Mixed Spices (Refined Sugar, lodised Salt, Maltodextrin, Black Salt, Red Chilli Powder, Dried Mango Powder, Onion Powder, Glucose Powder, Preservative (INS 262 i), Coriander Powder, Cumin Powder, Fennel, Whey Powder, Ginger Powder, Garlic Powder, Clove Powder, Yeast Extract, Pipal, Black Pepper, Acidity Regulator (INS 296), Flavour Enhancer (INS 627, INS 631), Turmeric Powder, Anticaking Agent (INS 551), Bay Leaves, Acidity Regulator (INS 330), Colour (INS 160 c), Nutmeg, Capsicum Powder, Cinnamon & Asafoetida), Hydrogenated Vegetable Oil (Vanaspati), Natural Flavouring Substance And Nature Identical Flavouring Substance Allergen: Contains Soy & Milk May Contains Wheat & Nut.",c,4,https://images.openfoodfacts.org/images/products/890/400/440/0236/front_en.14.400.jpg,,,yes,5/8
8904004403718,Moong Dal,Haldiram's,"Pulses, Processesnacks",18,,,,"Split Pulse Moong (Moong Dal) (77 %), Cotton Seed Oil Refined & lodised Salt.",b,3,https://images.openfoodfacts.org/images/products/890/400/440/3718/front_en.4.400.jpg,,,yes,5/8
8901499008169,Chocos,Kellogg's,Breakfast cereals filled with chocolate,",",,,,"Multigrain Flour Mix (64.8%) (Wheat Flour (Atta) (55.8%), Sorghum (Jowar) Flour (3%), Rice Flour (3 Corn Meal (3%)), Sugar, Cocoa Solids (5.3%), Minerals, Cereal Extract, lodized Salt, Colours (INS 150a, INS 150d), Edible Vegetable Oil (Palmolein), Flavours (Nature Identical & Artificial (Cream)), Vitamins, Antioxidant (INS 307b). ALLERGEN DECLARATION: CONTAINS WHEAT & BARLEY. MAY CONTAIN SOY, MILK, OATS & NUTS.",d,4,https://images.openfoodfacts.org/images/products/890/149/900/8169/front_en.16.400.jpg,,,yes,5/8
8906010500818,Potato chips,Balaji,Crisps,100 gram,,,,,unknown,,https://images.openfoodfacts.org/images/products/890/601/050/0818/front_en.3.400.jpg,,,yes,4/8
7622202225550,Oreo choco,Cadbuary,Filled biscuits,,,,,,unknown,,https://images.openfoodfacts.org/images/products/762/220/222/5550/front_en.3.400.jpg,,,yes,3/8
8901491101844,Lay's Potato Chips,Lay's,Flavoured potato crisps,50 g,"Plastic, Bag, Metallized","Green Dot India, Proprietary Food",India,"potato, edible vegetable oil (sunflower oil, corn oil, and/or canola oil), spices and condiments (onion powder, chilli powder, dry mango powder, coriander powder, ginger powder, garlic powder, black pepper powder, turmeric powder, cumin powder, salt, black salt, sugar, tomato powder, citric acid, tartaric acid, natural flavors (e160b)",e,4,https://images.openfoodfacts.org/images/products/890/149/110/1844/front_en.32.400.jpg,,,yes,8/8
8901719117183,Hide & Seek,"Parle, Parle platina","Chocolate biscuits, Dry biscuits",100g,,Green Dot India,,"REFINED WHEAT FLOUR (MAIDA), SUGAR, CHOCO CHIPS (17.3%) [SUGAR, EDIBLE VEGETABLE FAT (HYDROGENATED OILS), COCOA SOLIDS DEXTROSE, EMULSIFIER (SOY LECITHIN) AND ARTIFICIAL FLAVOURING SUBSTANCES (VANILLA), REFINED PALM OIL, CHOCOLATE (5.8%) [SUGAR, COCOA SOLIDS COCOA BUTTER, DEXTROSE, EMULSIFIER (SOY LECITHIN) AND ARTIFICIAL FLAVOURING SUBSTANCES - (VANILLA)], INVERT SUGAR SYRUP, RAISING AGENTS [503(ii), 500(ii)], COCOA SOLIDS, IODISED SALT, ARTIFICIAL (VANILLA) FLAVOURING SUBSTANCES AND EMULSIFIER OF VEGETABLE ORIGIN [472e].   CONTAINS: WHEAT, SOY",e,4,https://images.openfoodfacts.org/images/products/890/171/911/7183/front_en.26.400.jpg,,,yes,6/8
8904004403732,Haldiram moong dal,Haldiram,"Pulses, Fried foods",200 g,This Pouch is above 50 micron & integral part of food mig proces. Handover this empty clean pouch to garbage collector for recycle return us at our address @Rs. 10/- per kg.,No Trans fat,,"Split Pulse Moong (Moong Dal) (77%), Refined Cotton Seed Oil & lodised Salt.",b,3,https://images.openfoodfacts.org/images/products/890/400/440/3732/front_en.8.400.jpg,,,yes,7/8
6291100213146,UAE by,,Dates,500g,,No added sugar,,Dates,c,1,https://images.openfoodfacts.org/images/products/629/110/021/3146/front_en.34.400.jpg,,,yes,5/8
8901262010320,Amul Butter,AMUL,Butters,200gm,,Green Dot India,,"Butter, iodized salt, natural colour (annatto)",e,4,https://images.openfoodfacts.org/images/products/890/126/201/0320/front_en.3.400.jpg,,,yes,6/8
5999884034469,HELL,Hell,"Energy drink with sugar, Sweetened beverages",250 ml,Aluminiu,"No preservatives, with caffeine","SC HELL ENERGY SRL, VIDRASAU 1G/4 JUD.MUREȘ","(BA) Bezalkohoho pazano piće se froidorid), Vitamin B2 (riboflavin) pide sa okusom om tuttifrutti, as kofeinom i sa dodanim vitaminima, Pasterizirano. Sastojci: vode, Seter, kiselina munaka tamin B3 (nikothamid), pantotenska kiselina vitamin B5 (kalcijum D-pantothenate), Vitamin B6 (pirido d opkald (min. 0,3%); taurin (0,38%); regulator kiselosti (natrijevi citrati); kofein (0,03%); aroma; Soja (amonijak karamela, vitamini min B12 (clanokobalamin) VISOKI SADRZAJ KOFEINA. Ne preporučuje se za djecu, djecu, vonio (kofein: 32 mg/100 ml). Jedna limenka sadrži približnu količinu kofeina kao jedna sojice espressente dan mjesec godina) pogledajte dno limenke. Cuvati na hladnom i suhom mjestu. jestu. Proizvod na kofein diabetičars Najbolje upotrijebis HELL ENERGY Magyarország Kf Madarska. Proizvedeno u Madarskoj. UVOZNIK TOISTRIBUTER ZABX SPAN Andrispy of 128, H-1062 Bug 798 49, 330,  (EB) Bebida no 4988 1000 Sarajevo, BA. Tel. +387 3 carbonatada, sabor tutti-frutti, con cafeína, con vitaminas añadidas, Pasteurizada.",e,4,https://images.openfoodfacts.org/images/products/599/988/403/4469/front_en.61.400.jpg,,,yes,8/8
8906010501228,Scoopitos Masala Flavour,Balaji Wafers,Crisps,,,,,,unknown,,https://images.openfoodfacts.org/images/products/890/601/050/1228/front_en.5.400.jpg,,,yes,3/8
8901719135217,Krackjack,Parle,Biscuits,28.35gm,,,,"REFINED WHEAT FLOUR (MAIDA), REFINED OILS (PALM AND PALMOLEIN), SUGAR (17%), RAISING AGENTS [ 503 (ii), 500 (ii),341 (i) ], INVERT SUGAR SYRUP, IODISED SALT (0.9%), YEAST, ACIDITY REGULATORS [ 270, 296 ], FLOUR TREATMENT AGENTS [223, 1101 (ii), 1100(i) ], EMULSIFIER OF VEGETABLE ORIGIN [DIACETYLTARTARIC AND FATTY ACID ESTERS OF GLYCEROL ] CONTAINS ADDED FLAVOURS (ARTIFICIAL FLAVOURING SUBSTANCES - VANILLA, BUTTER).",unknown,4,https://images.openfoodfacts.org/images/products/890/171/913/5217/front_en.4.400.jpg,,,yes,5/8
8901030902932,Fresh Tomato Ketchup,Kissan,Tomato Ketchup,850 g,,,,"WATER, TOMATO PASTE (28%), SUGAR, IODISED SALT ACIDITY REGULATOR-E260, STABILIZERS-E1422, E415, PRESERVATIVE-E211, ONION POWDER, GARLIC POWDER, SPICES AND CONDIMENTS.",e,4,https://images.openfoodfacts.org/images/products/890/103/090/2932/front_en.5.400.jpg,,,yes,5/8
8901491103794,Oats,"Pepsico, Quaker",Rolled oats,400g,,Green Dot India,India,"ROLLED OAT FLAKES ALLERGEN ADVICE: MAY CONTAIN WHEAT, BARLEY.",a,1,https://images.openfoodfacts.org/images/products/890/149/110/3794/front_en.41.400.jpg,,,yes,7/8
8901499010513,"Muesli Fruit, Nut & Seeds",Kellogg's,Mueslis with fruits,750 g,Plastic,Green Dot India,India,"multigrain (66.4%) (wheat (24.6%), corn grits (15.7%) rice (10.1%), rolled barley (8 %), rolled oats (8%)), candied & dry fruits, nut & seed (21%) (candied papaya (6%), candied cranberry (4%), Raisins (4%), almonds (4%), pumpkin Seeds (3%), sugar. Cereal Extract, wheat bran, lodized Salt, vitamins, Flavour (Artificial (Coconut)), Minerals and Antioxidants (INS 320, INS 307b)",c,4,https://images.openfoodfacts.org/images/products/890/149/901/0513/front_en.12.400.jpg,,,yes,8/8
8901063093287,Good Day Cashew Cookies,Britannia,Biscuits,200 g,Plastic,,India,"REFINED WHEAT FLOUR, SUGAR, EDIBLE VEGETABLE OIL (PALM), CASHEW NUTS (4.5%), BUTTER (3%), INVERT SYRUP, MILK SOLIDS, RAISING AGENTS (INS 503, INS 500), EDIBLE COMMON SALT AND EMULSIFIERS (INS 322, INS 471, INS 472e)",e,4,https://images.openfoodfacts.org/images/products/890/106/309/3287/front_en.18.400.jpg,,,yes,7/8
8904327600924,Myfitness Peanut Butter,Myfitness,"Nut butters, Peanut butters",510 g,,Green Dot India,,,c,,https://images.openfoodfacts.org/images/products/890/432/760/0924/front_fr.3.400.jpg,,,yes,5/8
8901030922787,Mixed Fruit Jam,Kissan,Mixed fruit jams,90g,,Green Dot India,,"SUGAR, MIXED FRUIT PULP BLEND-60% (PAPAYA PULP, PEAR PULP, APPLE JUICE, BANANA PULP, PINEAPPLE JUICE, ORANGE JUICE, MANGO PULP, GRAPE JUICE), ACIDITY REGULATOR-E330, THICKENER-E440, IODISED SALT, VITAMINS & MINERAL, PRESERVATIVE-E202, NATURAL FLAVOURING SUBSTANCES, FOOD COLOUR-E122.",d,4,https://images.openfoodfacts.org/images/products/890/103/092/2787/front_en.3.400.jpg,,,yes,6/8
8901491366229,Kurkure Solid Masti Masala Twisteez Crisps,Kurkure,Namkeen,61gm,,,,"Edible Vegetable Oil (Palmolein), Edible Starch, Besan (20.1%), Rice Flour (15.3%), Potato Powder, lodised Salt, *Seasoning (~Spices and Condiments, Maltodextrin, lodised Salt, Black Salt, Milk Solids, Acidity Regulators (330, 296, 334), Flavour (Natural and Nature Identical Flavouring Substances), Sugar, Tomato Powder) *As flavouring agent. ~Contains Onion ALLERGEN ADVICE: Contains Nuts, Milk May Contain Sulphite",e,4,https://images.openfoodfacts.org/images/products/890/149/136/6229/front_en.15.400.jpg,,,yes,5/8
8909106018327,Boost,"Boost, Unilever",Beverage preparations,9 g,,Green Dot India,,"Cereal Extract (50%) (Barley, Wheat Millet), Malted Barley (21%), Sugar, Wheat Flour (Atta), Milk Solids (6%), Minerals, Natural Colour (INS 150c), Wheat Gluten, Acidity Regulators (INS 501(ii), INS 500(ii)], Edible Iodised Salt, Cocoa Powder, Vitamins, Nature Identical Flavouring Substances, Soy Protein Isolate.  Allergen Information: Contains Wheat, Barley, Milk and Soy.",unknown,4,https://images.openfoodfacts.org/images/products/890/910/601/8327/front_en.23.400.jpg,,,yes,6/8
0846203004878,Bakarwadi,Chitale,"Food, Food Bakarwadi",,,,,"Refined Wheat Flour (Maida), Bengal Gram Flour, Refined Groundnut Oil, Sugar Syrup (Refined Sugar, Water), Refined Sugar, Green Chilli, lodised Salt, Coriander Leaves, Grated Desiccated Coconut, Spices (Red Chilli Powder, Cumin Seed Powder, Coriander Seed Powder, Asafoetida), Tamarind Concentrate, Coriander Leaf Extract, Sesame Seeds. A S E",e,3,https://images.openfoodfacts.org/images/products/084/620/300/4878/front_en.9.400.jpg,,,yes,4/8
8901063092839,Good day 5rs,,"Biscuits, Biskir",,,,,,unknown,,https://images.openfoodfacts.org/images/products/890/106/309/2839/front_en.28.400.jpg,,,yes,2/8
8901063014411,Vita Marie Gold,Britannia,Biscuits,,,Green Dot India,,"refined wheat flour, sugar, edible palm oil, milk solids, invert syrup, leavening agents (E500, E503), salt, emulsifier (E322), dough conditioner (E223), yeast, edible common salt, artificial vanilla flavouring substances",d,4,https://images.openfoodfacts.org/images/products/890/106/301/4411/front_en.9.400.jpg,,,yes,5/8
8901491503051,West Indies' Hot 'n' Sweet Chilli flavor,Lay's,Potato crisps,25g,Plastic packet,,India,"Potato (80%), Edible Vegetable* Oil, **Seasoning (Sugar, Maltodextrin, lodised Salt, Spices and Condiments, Flavour (Natural and Nature Identical Flavouring Substances), Flavour Enhancers (627, 631), Edible Vegetable Oil (Palm, Sunflower, Peanut), Hydrolysed Vegetable Protein, Cocoa Solids, Lactose).   **As flavouring agent.   *To know the specific type of oil used and its saturated fat value, match the symbol or # with the last character of batch number where ◊ denotes Palmolein and # denotes Rice Bran Oil.",e,4,https://images.openfoodfacts.org/images/products/890/149/150/3051/front_en.27.400.jpg,,,yes,7/8
8902579001360,Frooti 125ml,Frooti,"Fruit juice concentrates, Frooti-mango-drink",125 ml,,Frooti mango drink,,"Water, Sugar, Mango Pulp, Acidity Regulators (INS 330, INS 331iii), Stabilizer (INS 466), Nature-Identical Flavouring Substances (Mango), Antioxidant (INS 300), Food Colour (INS 110)",unknown,4,https://images.openfoodfacts.org/images/products/890/257/900/1360/front_en.64.400.jpg,,,yes,6/8
8901058000306,Maggi noodles masala,Nestlé,Instant noodles,560 gm,,Green Dot India,,"Noodles: Refined wheat flour (Maida), Palm oil, lodized salt, Wheat gluten, Thickeners (508 & 412), Acidity regulators (501(i) & 500 (i)) and Humectant (451 (i)).  Masala *TASTEMAKER®: Mixed spices (25.6%) (Onion powder, Coriander powder, Turmeric powder, Red chilli powder, Garlic powder, Cumin powder, Aniseed powder, Ginger powder, Fenugreek powder, Black pepper powder, Clove powder, Green cardamom powder & Nutmeg powder), Refined wheat flour (Maida), Hydrolysed groundnut protein, Sugar, Palm oil, Starch, Vodized salt, Thickener (508), Flavour enhancer (635), Toasted onion flakes, Acidity regulator (330), Colour (150d), Mineral and Wheat gluten. Contains Wheat & Nut.  May contains Milk, Mustard, Oats And Soy.",unknown,4,https://images.openfoodfacts.org/images/products/890/105/800/0306/front_en.10.400.jpg,,,yes,6/8
8902579002039,appy fizz,parle agro appy fizz,Carbonated fruit soft drink,250ml,,,,,e,,https://images.openfoodfacts.org/images/products/890/257/900/2039/front_en.3.400.jpg,,,yes,4/8
8903754000062,Tata water 1ltr,Tata,Drinking water,1000ml,,Green Dot India,,"Drinking Water, Copper Sulphate (0.00041%), iodized Salt",b,3,https://images.openfoodfacts.org/images/products/890/375/400/0062/front_en.3.400.jpg,,,yes,6/8
8902080504060,Packaged Drinking Water,"Aquafina is sold by PepsiCo, PepsiCo",Waters,1 l,,Green Dot India,,"TREATED WATER, MINERALS (SALTS OF MAGNESIUM AND CALCIUM)",b,1,https://images.openfoodfacts.org/images/products/890/208/050/4060/front_en.28.400.jpg,,,yes,6/8
89002940,Coconut oil,Parachute,"Coconut oils, Oil",100ml,,,,Coconut Oil,e,2,https://images.openfoodfacts.org/images/products/000/008/900/2940/front_en.7.400.jpg,,,yes,5/8
8901725015275,Dark Fantasy Choco fills,"Sunfeast, Sunfeast is sold by ITC Limited",Biscuits,69g (6 packs x 11.5g),,Green Dot India,,"CHOCO CRÈME (38.0%) (SUGAR, REFINED PALMOLEIN, REFINED PALM OIL, COCOA SOLIDS, EMULSIFIER [LECITHIN (FROM SOYABEAN)], NATURE IDENTICAL FLAVOURING SUBSTANCES (CHOCOLATE), ARTIFICIAL FLAVOURING SUBSTANCES (VANILLA)), MAIDA (REFINED WHEAT FLOUR), HYDROGENATED VEGETABLE OIL, SUGAR, INVERT SYRUP, LIQUID GLUCOSE, RAISING AGENTS [INS 503(ii), INS 500(ii), INS 450(i)], COCOA SOLIDS (0.7%), BUTTER, MILK SOLIDS, IODIZED SALT, NATURE IDENTICAL FLAVOURING SUBSTANCES (MILK CHOCOLATE), COLOURS (INS 150c, INS 150d), EMULSIFIERS [LECITHIN (FROM SOYABEAN), MONO AND DIGLYCERIDES OF FATTY ACIDS (FROM PALM OIL)], ARTIFICIAL FLAVOURING SUBSTANCES (MILK, VANILLA). CONTAINS WHEAT, MILK, SOY. MAY CONTAIN NUT, SULPHITE.",e,4,https://images.openfoodfacts.org/images/products/890/172/501/5275/front_en.51.400.jpg,,,yes,6/8
8901764012914,Coca-Cola,The Coca-Cola Company,"Colas, Carbonated soft drinks without fruit juice with sugar, Sweetened beverages",250 ml,"Plastic,PET - Polyethylene terephthalate,Bottle,Transparent PET","Green Dot, Green Dot India","India, ameenpur village, patancheru","CARBONATED WATER, SUGAR, ACIDITY REGULATOR (338), CAFFEINE (8.7 mg/100 g), COLOUR (150d), FLAVOURS (NATURAL FLAVORING SUBSTANCES).",e,4,https://images.openfoodfacts.org/images/products/890/176/401/2914/front_en.29.400.jpg,,,yes,8/8
90162602,Red Bull Energy Drink,Red Bull,"Sodas, Energy drinks, Sweetened beverages, Carbonated Sodas",250 ml,"Can,Aluminium-can",Green Dot India,,"Water, Sucrose, Glucose, Acidifier (Citric Acid), Carbon Dioxide, Taurine (0.4%), Acidity Regulators (Sodium Bicarbonate, Magnesium Carbonate), Flavourings, Colours (Caramel, Riboflavin), Caffeine (0.03%), Vitamins (Niacin, Pantothenic Acid, B6, B12).",e,4,https://images.openfoodfacts.org/images/products/000/009/016/2602/front_en.151.400.jpg,,,yes,7/8
8901207025365,Honey,Dabur,Honeys,250,,Green Dot India,,Honey (100%),e,2,https://images.openfoodfacts.org/images/products/890/120/702/5365/front_en.14.400.jpg,,,yes,6/8
8902579203016,Packaged Drinking Water,"Bailey, Parle Agro",Mineral waters,1 l,Plastic,,,"TREATED WATER AND MINERALS (0.025%) (MAGNESIUM CHLORIDE, CALCIUM CHLORIDE AND SODIUM HYDROGEN CARBONATE).",a,1,https://images.openfoodfacts.org/images/products/890/257/920/3016/front_en.18.400.jpg,,,yes,6/8
3948764082405,Kinley 1ltr,,Waters,,,,,,unknown,1,https://images.openfoodfacts.org/images/products/394/876/408/2405/front_en.3.400.jpg,,,yes,2/8
8906010500870,BALAJI CREAM ONION,balaji,"Potato crisps, Wafers",32 gm,,,,Potato,b,3,https://images.openfoodfacts.org/images/products/890/601/050/0870/front_en.18.400.jpg,,,yes,5/8
3948764092206,Maaza,The Coca-Cola Company,Sweetened beverages,600 ml,,,,mango,e,1,https://images.openfoodfacts.org/images/products/394/876/409/2206/front_en.9.400.jpg,,,yes,5/8
8901725118921,tedha medha,bingo,Crisps,75,,,,"CEREALS AND PULSES MIX {RICE GRITS, DEGERMED CORN GRITS, BENGAL GRAM GRITS, PEA GRITS), *EDIBLE VEGETABLE OIL AND SEASONING {ONION POWDER, SPICES AND CONDIMENTS, IODIZED SALT, MALTODEXTRIN, BLACK SALT FLAVOUR ENHANCERS (508, 635), ACIDITY REGULATORS (MALIC ACID, CITRIC ACID, TARTARIC ACID), TOMATO POWDER, SUGAR, HYDROLYZED VEGETABLE PROTEIN, GARLIC POWDER, NATURE IDENTICAL FLAVOURING SUBSTANCES AND NATURAL FLAVOURS AND NATURAL FLAVOURING SUBSTANCES}. *TO KNOW THE SPECIFIC TYPE OF OIL USED, MATCH THE SYMBOL (^ OR AA WITH THE LAST CHARACTER OF BATCH NUMBER WHEREIN A DENOTES REFINED PALMOLEIN AND AA DENOTES REFINED RICE BRAN OIL. USED AS FLAVOURING AGENTS. CONTAINS SOY. MAY CONTAIN MILK, WHEAT, BARLEY. es DO NOT BUY THIS PACK IF FOUND TAMPERED WITH.",d,4,https://images.openfoodfacts.org/images/products/890/172/511/8921/front_en.7.400.jpg,,,yes,5/8
8901719135088,Monaco,Parle,Appetizers,,,,,,e,,https://images.openfoodfacts.org/images/products/890/171/913/5088/front_en.8.400.jpg,,,yes,3/8
8901058903164,KitKat win gold,Nestlé,"Candy chocolate bars filled with wafer, Sweet snacks candies",38.5 gm,,,,"Sugar, Milk solids (16.2%),Fractionated vegetable fat,  Hydrogenated vegetable fats,Refined Wheat flour (Maida), Cocoa solids (4.5%), Emulsifier (Soya lecithin), Yeast,Raising agent (500(ii))Artificial (Vanilla)flavouring substance, lodized salt, Flour treatment agent (516), and Nature-Identical flavouring substances Contains Wheat, Milk, Sesame and Soy. May Contains Nut.",e,4,https://images.openfoodfacts.org/images/products/890/105/890/3164/front_en.29.400.jpg,,,yes,5/8
8901123001214,Lotte Choco Pie,Lotte,"Confectioneries, Biscuits, Treat",23g,,Green Dot India,,"CHOCO COVERING (25%) [SUGAR, HYDROGENATED VEGETABLE FAT (PALM), COCOA SOLIDS, MILK SOLIDS. MULSIFIERS (322,476), ARTIFICIAL IDENTICAL FLAVOURING SUBSTANCE (VANILLA)], REFINED WHEAT FLOUR (MAIDA), SUGAR, LIQUID GLUCOSE, ENTERESTERIFIED & HYDROGENATED VEGETABLE FAT (PALM), HUMECTANTS (420, 422), RAISING AGENTS [500(ii), 503(ii)], MILK SOLIDS, DEXTROSE, PRESERVATIVES (202, 281), EDIBLE COMMON SALT, STABILIZERS (407, 406, 440, 401, 461, 415), ACIDITY REGULATOR [341(i)] AND ARTIFICIAL FLAVOURING SUBSTANCE (MILK). Allergen Information: Contains Wheat(Gluten),Milk & Soya.  Polyols may have laxative effects",e,4,https://images.openfoodfacts.org/images/products/890/112/300/1214/front_en.22.400.jpg,,,yes,6/8
8901063019188,Little Hearts,Brotannica,Biscuits,,,,,,unknown,,https://images.openfoodfacts.org/images/products/890/106/301/9188/front_en.9.400.jpg,,,yes,3/8
8906010502973,Papdi gathiya,,Pulses,,,,,,e,,https://images.openfoodfacts.org/images/products/890/601/050/2973/front_fr.3.400.jpg,,,yes,2/8
8906010500047,masala masti,Balaji,Potato crisps,15g,,,,"potato 87%, edible vegetable oil, sugar, spices and condiments, edible common salt, black salt",e,3,https://images.openfoodfacts.org/images/products/890/601/050/0047/front_en.3.400.jpg,,,yes,5/8
8901719135729,Biscuit,Parle G,"Biscuit with reduced sugar, Bis",,,,,,unknown,,https://images.openfoodfacts.org/images/products/890/171/913/5729/front_en.11.400.jpg,,,yes,3/8
8901764012273,Coca Cola Coke Brand 750ml,Coca-Cola,"Colas, Sweetened beverages",5,,,,,unknown,,https://images.openfoodfacts.org/images/products/890/176/401/2273/front_en.54.400.jpg,,,yes,4/8
8901764175091,Fruit drink,Maaza,Confectioneries,135ml,,FSC Mix,,"NGREDIENTS: WATER, MANGO PULP(11.5%), SUGAR, ACIDITY REGULATORS 030 33 STABILIZER (466), ANTIOXIDANT 300 ,SWEETENER (960), COLOUR (110), MANGO FLAVOURS NATURE-DENTICAL & ARTIFICIAL FLAVORING SUBSTANCES",c,4,https://images.openfoodfacts.org/images/products/890/176/417/5091/front_en.3.400.jpg,,,yes,6/8
3948764012914,Cocacola zero,Cocacola,"Diet cola soft drink, Sweetened beverages",250 ml,,Green Dot India,,,e,,https://images.openfoodfacts.org/images/products/394/876/401/2914/front_en.21.400.jpg,,,yes,5/8
8906017290033,Bisleri,BISLERI,Natural mineral waters,500ml,"fr:Bouteille Plastique,plastic bottle",,Inde,"Treated Water, Minerals (Salts of Calcium (1.0*mg), Magnesium (0.5*mg), Pottasium (0.1*mg) *Added Quantity Per 100ml",a,,https://images.openfoodfacts.org/images/products/890/601/729/0033/front_en.34.400.jpg,,,yes,7/8
8901088068734,Saffola Masala Oats - Classic Masala,Saffola,"Rolled oats, Oat",38 g,Plastic,,,"Rolled Oats (73.9 %), Maltodectrin, Salt, Spices and Condiments (34%) (Onions, Tumeric, Pepper, Cumin, Garlic, Fenugreek, Clove, Nutmeg, Red Chili), Dried Vegetables (Carrots (1.15%), Onions Flakes (1.15%), Green Peas(0.69%)), Sugar, Starch, Hydrolysed Vegetable Protein, Wheat Powder, Flavour Enhancers NS 627,631), Anlioxidant (320).  CONTAINS ADDED FLAVOUR-NATURAL AND NATURE IDENTICAL FLAVOURING SUBSTANCES.",e,4,https://images.openfoodfacts.org/images/products/890/108/806/8734/front_en.19.400.jpg,,,yes,6/8
8901764042270,Thumbs Up 750ml,Coca Cola Company,"Sodas, Sweetened beverages",24,,,,"CARBONATED WATER, SUGAR, ACIDITY REGULATOR (338), CAFFEINE (8.3 mg/100 g), COLOUR (1506) FLAVOURS (NATURAL, NATURE-IDENTICAL & ARTIFICIAL (COLA) FLAVOURING SUBSTANCES). &quot;CONTAINS CAFFEINE&quot;",e,4,https://images.openfoodfacts.org/images/products/890/176/404/2270/front_en.46.400.jpg,,,yes,5/8
8901491101813,Lays american cream onion,"Lay's, PepsiCo",Flavoured potato crisps,55 g,,,,"Potato (83%). Edible Vegetable Oil&quot;.  *Seasoning (Sugar, lodised Salt, Milk Solids (1.2%), Spices and Condiments, Maltodextrin, Flavour (Natural and Nature Identical Flavouring Substances), Cheese Powder (0.3%), Hydrolysed Vegetable Protein, Flavour Enhancers (627, 631), Edible Vegetable Oil (Palm, Coconut)).  As flavouring agent.  To know the specific type of oil used and its saturated fat value, match the symbol or # with the last character of batch number where ◊ denotes Palmolein and # denotes Rice Bran Oil.",e,4,https://images.openfoodfacts.org/images/products/890/149/110/1813/front_en.40.400.jpg,,,yes,5/8
8901063139213,Brit bourbon 150g (sys),Britannia,Chocolate biscuits,,,,,"REFINED WHEAT FLOUR (MAIDA) SUGAR (33%) REFINED PALM OIL EDIBLE MAIZE STARCH COLOURS (150a. 150d. 122, 110, 133 & 102) COCOA SOLIDS (2.72) MILK SOLIDS RAISING AGENTS (500m) & 503@] EMULSIFIERS 471 & 322@] MILK CHOCOLATE (0.12) EMULSIFIER (3220))) NATURE IDENTICAL & ARTIFICIAL (VANILLA, CHOCOLATE MILK & MILKY COCOA) FLAVOURING SUBSTANCES IODISED SALT",e,4,https://images.openfoodfacts.org/images/products/890/106/313/9213/front_en.24.400.jpg,,,yes,4/8
8901063014299,Britannia Vita Marie Gold Biscuits,Britannia Industries Ltd.,"Biscuits, Breakfast cereals",248 g,,,,"REFINED WHEAT FLOUR (MAIDA) (66%), SUGAR, REFINED PALM OIL, MILK PRODUCTS [MILK SOLIDS&SWESTENED CONDENSED PARTLY SKIMMED MILK, INVERT SUGAR SYRUP, RAISING AGENTS [503(m) & 500(i)], IODISED SALT, EMULSIFIERS [471 & 322(i)] ARTIFICIAL (MILK, BUTTER&VANILLA) FLAVOURING SUBSTANCES, VITAMINS, DOUGH CONDITIONER (223), MINERALS AND IMPROVER [110101 (Numbers in brackets as per International Numbering System) CONTAINS WHEAT, MILK, SOYA AND SULPHITE.",e,4,https://images.openfoodfacts.org/images/products/890/106/301/4299/front_en.35.400.jpg,,,yes,5/8
4897036691427,Monster Energy Drink 350ml,"Monster, Monster Energy","Energy drinks, Sweetened beverages",5,wgywiab,Green Dot India,,"CARBONATED WATER, SUCROSE, GLUCOSE ACIDITY REGULATORS (CITRIC ACID, SODIUM CITRATE), TAURINE (400 mg/100 ml), PRESERVATIVES (SORBIC ACID, BENZOIC ACID CAFFEINE (0.03%), COLOURS [(GRAPESKIN EXTRACT IN RIBOFLAVIN 101(1)), SWEETENER (SUCRALOSE), VITAMINS (83 812), GLUCURONOLACTONE, INOSITOL (2 mg/100 ml)",e,4,https://images.openfoodfacts.org/images/products/489/703/669/1427/front_en.32.400.jpg,,,yes,7/8
8906017290064,Packaged Drinking Water,Bisleri,"Natural mineral waters, Packaged water",2L,,,,"TREATED WATER, MINERALS (CALCIUM CHLORIDE, MAGNESIUM SULPHATE, POTASSIUM BICARBONATE)",a,1,https://images.openfoodfacts.org/images/products/890/601/729/0064/front_en.3.400.jpg,,,yes,5/8
8908003872315,Poha,,Rices,,,,,,unknown,,https://images.openfoodfacts.org/images/products/890/800/387/2315/front_en.4.400.jpg,,,yes,2/8
8901491503020,Lays India's Magic Masala,Lay's,Flavoured potato crisps,26.5g,,Green Dot India,,"Potato (83%), Edible Vegetable Oil, *Seasoning (Spices and condiments, Maltodextrin, lodised Salt, Sugar, Flavour (Natural and Nature Identical Flavouring Substances), Edible Vegetable Oil (Sunflower Oil, Palm Oil), Flavour Enhancers (627, 631)).",e,4,https://images.openfoodfacts.org/images/products/890/149/150/3020/front_en.35.400.jpg,,,yes,6/8
8901262070546,Chocominis,Amul,"Chocolate Sculptures, Milk chocolate molds",250g,Plastic,"Green Dot India, No artificial flavourings or sweeteners",India,"Sugar, hydrogenated edible vegetable oil (palm kernel oil), milk solids, cocoa solids, emulsifiers (492, 322), artificial flavouring substances (cocoa, vanilla). Allergen Information: Contains milk.",e,4,https://images.openfoodfacts.org/images/products/890/126/207/0546/front_en.24.400.jpg,,,yes,8/8
8904004403725,Moong Dal,Haldiram's,"Salty snacks, Namkeen",35 g,Plastic,Green Dot India,,"Split Pulse Moong (Moong Dal) (77%), Refined Cotton Seed Oil & Edible Common Salt.",c,3,https://images.openfoodfacts.org/images/products/890/400/440/3725/front_en.20.400.jpg,,,yes,7/8
89009758,NESCAFE classic,Nescafe,"Coffees, Instant coffees",24gm,,Green Dot India,,4 www 44334699/L10006171.001/00 89009758 Vevey Dispose Prepaci,unknown,,https://images.openfoodfacts.org/images/products/000/008/900/9758/front_en.3.400.jpg,,,yes,6/8
8901063019201,8901063019201,Britannia,Biscuits,,,,,,e,,https://images.openfoodfacts.org/images/products/890/106/301/9201/front_en.5.400.jpg,,,yes,3/8
8901058023787,2-minute noodles masala taste,Maggi,"Herbs and spices, Instant noodles, Tastemaker",140g,,,,"Noodles: Refined wheat flour (Maida), Palm oil, lodized salt, Iron (mg) 1000.0 700.0 6.90 4.83 Wheat gluten, Thickeners (508 #Guideline Daily Amounts of an average adult (200 &412), Acidity regulators (501 (i) & 500 (i)) and Humectant (451(i)).   Masala TASTEMAKER®: Mixed Spices (26.2%) (Onion powder Coriander powder, Red chilli powder, Turmeric powder, Garlic powder, Cumin powder, Aniseed powder, Ginger powder, Fenugreek powder, Black pepper powder, Toasted onion powder, Clove powder, Green cardamom powder, Nutmeg powder), Hydrolysed ground protein, Refined wheat flour (Maida), Sugar, Starch, Palm oil, iodized salt, Thickener (508), Acidity regulator (330), Flavour enhancer Colour (150d), Mineral and Wheat gluten.",unknown,4,https://images.openfoodfacts.org/images/products/890/105/802/3787/front_en.6.400.jpg,,,yes,5/8
8901764032271,Sprite 750ml,coca cola,"Sodas, Sweetened beverages, Sprite",5,Plastic,,,"CARBONATED WATER, SUGAR, ACIDITY REGULATORS (330, 331(i)), PRESERVATIVE(211), SWEETENER (960), FLAVOURS (NATURAL FLAVORING SUBSTANCES)",e,4,https://images.openfoodfacts.org/images/products/890/176/403/2271/front_en.50.400.jpg,,,yes,6/8
8901491101837,Lays Classics Salted 20rs,Lay's,Potato crisps,50g,cardboard box,,,"Potato, Edible Vegetable Oil  (Palmolein Oil), &quot;Seasoning (Maltodextrin, lodised Salt, &quot;Spices & Condiments, Sugar, Flavour (Natural and Nature Identical Flavouring Substances), Anticaking Agent (551), Flavour Enhancers (627, 631), Edible Vegetable Oil (Palm)).  &quot;As flavouring agent. &quot;Contains Onion & Garlic",d,4,https://images.openfoodfacts.org/images/products/890/149/110/1837/front_en.26.400.jpg,,,yes,6/8
8901491503037,American Style Cream & Onion 10rs,"Lay's, PepsiCo",Flavoured potato crisps,24g,Plastic,Green Dot India,,"Potato, Edible Vegetable Oil (Palmolein, Rice Bran Oil), *Seasoning (Sugar, Iodised Sat, _Milk_ Solids, ~Spices & Condiments, Maltodextrin, Flavour (Natural and Nature Identical Flavouring Substances), Cheese Powder, Hydrolysed Vegetable Protein, Flavour Enhancers (627, 631), Edible Vegetable Oil (Palm, Coconut), Anticaking agent (551)). *As fiavouring agent. ~Contains Onion ALLERGEN ADVICE: Contains _Soy_, _Milk_ May Contain _Sulphite_",e,4,https://images.openfoodfacts.org/images/products/890/149/150/3037/front_en.24.400.jpg,,,yes,7/8
8902579103057,Frooti,Parle,"Plant-based beverages, Sweetened beverages",300ml,,,,"water, mango pulp (19.5%), sugar, acidity regulators [ins330, ins 331(iii)], preservatives (ins211, insi ins202), antioxidant (ins300), nature-identical flavouring substances (mango) and synthetic food colour (ins110)",e,4,https://images.openfoodfacts.org/images/products/890/257/910/3057/front_en.34.400.jpg,,,yes,5/8
8901063029279,Jimjam,Britannia,Biscuits,138 g,,Green Dot India,,"REFINED WHEAT FLOUR (MAIDA), SUGAR (24%), REFINED PALM OIL & INTERESTERIFIED VEGETABLE FAT, INVERT SUGAR SYRUP, DEXTROSE, MILK PRODUCTS (MILK SOLIDS & SWEETENED CONDENSED MILK), EDIBLE MAIZE STARCH, MALTODEXTRIN, FRUIT PRODUCTS (0.7%) (APPLE JUICE CONCENTRATE, BANANA POWDER & PLUM JUICE CONCENTRATE), IODISED SALT, EMULSIFIERS [322(i)& 471), RAISING AGENTS (503(ii) & 500(ii)], NATURE IDENTICAL AND ARTIFICIAL (MIXED FRUIT, VANILLA & BUTTER) FLAVOURING SUBSTANCES, ACIDITY REGULATORS [330 & 331 (iii)], GELLING AGENT (440) AND COLOUR (122)",e,4,https://images.openfoodfacts.org/images/products/890/106/302/9279/front_en.20.400.jpg,,,yes,6/8
8901764092800,Maaza,Coca-Cola Company,Fruit juices,250ml,,,,"water, sugar, acidity regulator (330), salt, antioxidant (300), preservative (211), added flavours (natural and nature identical flavouring substances), artificial flavouring substances",d,4,https://images.openfoodfacts.org/images/products/890/176/409/2800/front_en.4.400.jpg,,,yes,5/8
8904043551548,Modern 100% Whole Wheat Bread,Modern,Wholemeal sliced breads,400 g,,Green Dot India,,"Whole Wheat Flour (Atta) (57.3%), Sugar, Gluten, Yeast, Edible Vegetable Oil (Refined Sunflower Oil), lodized Salt, Milk Solids, Oat Flour, Soya Flour, Preservatives (282, 200), Malt Product, Flour Treatment Agents (510, 1100(i)), Acidity Regulators (341(1), 260), Emulsifier (471) and Antioxidant (300).",b,4,https://images.openfoodfacts.org/images/products/890/404/355/1548/front_en.15.400.jpg,,,yes,6/8
8903553601613,Mango Pickle,RAM BANDHU,Plant-based pickles,1kg,,,,"Green mangoes, edible common salt, edible rice bran oil, mustard, chilli powder, fenugreek, turmeric powder, acidity regulator, compounded Asafoetida, preservative (INS 211)",e,3,https://images.openfoodfacts.org/images/products/890/355/360/1613/front_en.5.400.jpg,,,yes,5/8
8904004402216,Haldiram Phulhari,Haldiram,Salty snacks,,,,,Apple,d,3,https://images.openfoodfacts.org/images/products/890/400/440/2216/front_en.5.400.jpg,,,yes,4/8
8906010504625,8906010504625,Gippi,"Crisps, Balaji",,,,,"550 BAI ASCHEIN, IL RATED VEG SEASONINE TO COMMON SALT SUGAR ARN MEAL (63 (CONTAINS ONE OR MORE OF THE FOLLOWINGS MALTODI UNORTED VEGETABLE PER UN GARLIC, TOMATO CHILL IDENTICAL FLAVOURING SURED VEGETABLE PROTEIN (SOYA) FLANTICA NATURAL & NATURE EMULSIFIER (INS 471, INS 470), MILK SOLIDS (0.1%), PAPRIKA EXTRACT (INS 1600), FLAVOUR ENHANCER (INS 627, INS 631, (NS 621) ACIDITY REGULATOR (INS 330, INS 296, INS 334|| **AS FLAVOURING & SEASONING AGENT GLUTAMATE THE TORNADO FLAMIN' CHILLI MASALA CONTAINS ADDED MONSUM G NOT RECOMMENDED FOR INFANTS BELOW 12 MONTHS AND PRENOMEN. READY-TO-EAT SAVOURIES | PROPRIETARY FOOD | INDIAN SNACKS & SAVOURES NAMKEEN ALLERGEN ADVICE: CONTAINS SOY & MILK SOLIDS PRODUCT OF INDIA",e,4,https://images.openfoodfacts.org/images/products/890/601/050/4625/front_en.8.400.jpg,,,yes,4/8
8901063016873,50-50,Britannia,Biscuits,62.8 g,,Green Dot India,,"REFINED WHEAT FLOUR MAIDA), REFINED (PALMOLEIN & PALM) OIL, SUGAR (18%), RAISING AGENTS [503(ii), 500(ii) & 341 (i)], IODISED SALT (0.8%), INVERT SUGAR SYRUP, YEAST, ACIDITY REGULATORS (270 & 330), EMULSIFIER (472e), NATURE IDENTICAL AND ARTIFICIAL (VANILLA) FLAVOURING SUBSTANCES AND DOUGH CONDITIONER (223). (Numbers in brackets as per International Numbering System)",unknown,4,https://images.openfoodfacts.org/images/products/890/106/301/6873/front_en.10.400.jpg,,,yes,6/8
8901719131219,Parle g 800 g,Parle,Biscuits,800g,,,,,unknown,,https://images.openfoodfacts.org/images/products/890/171/913/1219/front_en.31.400.jpg,,,yes,4/8
8906001023043,Govardhan pure cow ghee 500ml,Paragon Partners,"Butters, ghee",500ml,,,,,unknown,2,https://images.openfoodfacts.org/images/products/890/600/102/3043/front_en.6.400.jpg,,,yes,4/8
8902080003075,nimbooz,7up,Sodas,345ml,,,,,e,,https://images.openfoodfacts.org/images/products/890/208/000/3075/front_en.11.400.jpg,,,yes,4/8
7622202237393,Bournvita 70g,,"Dietary supplements, Dietry",,,,,,not-applicable,,https://images.openfoodfacts.org/images/products/762/220/223/7393/front_en.10.400.jpg,,,yes,2/8
8904004400779,Haldiram's Aloo Bhujia,Haldiram's,"Sev, Snakes",,,,,"Potato, Refined Palmolein Oil, Bengal Gram Flour (Besan), Potato Flakes, Potato Starch, Tapioca Starch, Tapary Beans (Moth dal) Flour, lodised Salt, Red Chilli Powder, Black Salt, Acidity Regulator (INS 330), Black Pepper, Clove, Cardamom, Dried Ginger Powder, Dried Garlic Powder, Refined Sugar, Cumin Powder, Bay Leaves, Nutmeg, Cinnamon & Mint Leaves. CONTAINS ADDED NATURAL, NATURE IDENTICAL & ARTIFICIAL FLAVOURING SUBSTANCES Allergy Advice.",e,4,https://images.openfoodfacts.org/images/products/890/400/440/0779/front_fr.9.400.jpg,,,yes,4/8
8901725007102,Bingo,Itc,Potato crisps,21g g,,"Vegetarian, Bingo",,"POTATO (60.0%), REFINED PALMOLEIN, SEASONING (IODIZED SALT, RED CHILLI POWDER (1.1%), MALTODEXTRIN, *SPICES AND CONDIMENTS, ONION POWDER, REFINED WHEAT FLOUR (MAIDA), NATURE IDENTICAL FLAVOURING SUBSTANCES, BLACK SALT, MILK SOLIDS, NATURAL FLAVOURS AND NATURAL FLAVOURING SUBSTANCES, SUGAR, TOMATO POWDER, HYDROLYZED VEGETABLE PROTEIN, GARLIC POWDER AND FLAVOUR ENHANCER (INS 508)} AND IODIZED SALT. FUSED AS FLAVOURING AGENTS. CONTAINS SOY, MILK, WHEAT",e,4,,,,no,6/8
8901595873258,Smith & Jones Ginger Garlic Paste,Smith and Jones,Canned vegetables,,,,,"Water, Ginger, Garlic, Lodised salt, Acidity regulators (ins 260, Ins 330), Thickener ns 415), Preservatives (ins 211, Ins 202). for mfg unit details read first letter of batch no, And see below mfg by: (a) lic no, 11523999000362 (f) lic no, 10013022001948 (p) lic no, 10012064000055 (n) lic. no, 10018062000413 fssat lic. no, 1001302 for any com care execut c18001084 care@t store in a cool, Dry keep refrigera do not consume if for sale in india, Www, Capitalfoods smith & jones is t capital foods pvt. net quantit",a,4,https://images.openfoodfacts.org/images/products/890/159/587/3258/front_en.22.400.jpg,,,yes,4/8
8904083303077,Farm Fresh Sahi Plain Yoghurt,Milky Mist,Yogurts,1kg,,Green Dot India,,Pasteurized Toned Milk & Active Lactic Culture,b,,https://images.openfoodfacts.org/images/products/890/408/330/3077/front_en.10.400.jpg,,,yes,6/8
8904004401554,Masala Sev Murmura,Haldiram's,"Fried Snacks, fried puffed rice",,,"Green Dot India, Pm",,,unknown,,https://images.openfoodfacts.org/images/products/890/400/440/1554/front_en.10.400.jpg,,,yes,4/8
8901063142664,britannia,Britannia,Biscuits,,,,,"WHEAT FLOUR (ATTA) (65.5%), REFINED PALM OIL, SUGAR, WHEAT BRAN (2.6%), MALTODEXTRIN, MILK PRODUCTS [MILK SOLIDS & WHEY POWDER], INVERT SUGAR SYRUP, RAISING AGENTS [503(ii) & 500(ii)], IODISED SALT, EMULSIFIERS [322(i) & 471], MALT EXTRACT, NATURE IDENTICAL & ARTIFICIAL (VANILLA) FLAVOURING SUBSTANCES AND DOUGH CONDITIONER [223].",e,4,https://images.openfoodfacts.org/images/products/890/106/314/2664/front_en.3.400.jpg,,,yes,4/8
3948764092305,3948764092305,,Garam masalas,,,,,,not-applicable,,https://images.openfoodfacts.org/images/products/394/876/409/2305/front_en.8.400.jpg,,,yes,2/8
8904004400694,Aloo Bhujia,Haldiram's,"Snacks, Potato preparations",42 g,Plastic,Green Dot India,,"Potato, Refined Palmolein Oil, Bengal Gram Flour (Besan), Potato Flakes, Potato Starch, Tapioca Starch, Tepary Beans (Moth Dal) Flour, lodised Salt, Red Chilli Powder, Black Salt, Acidity Regulator (INS 330), Black Pepper, Clove, Cardamom, Dried Ginger Powder, Dried Garlic Powder, Refined Sugar, Cumin Powder, Bay Leaves, Nutmeg, Cinnamon & Mint Leaves.",e,3,https://images.openfoodfacts.org/images/products/890/400/440/0694/front_en.4.400.jpg,,,yes,7/8
8906010500276,Balaji Wafers Shing Bhujia,Balaji Wafers,Appetizers,25g,,Green Dot India,,"PEANUT (63%), CHICKPEA FLOUR (13%), EDIBLE VEGETABLE OIL (PALMOLEIN, RICE BRAN), CORN FLOUR, BLACK GRAM FLOUR SPICES & CONDIMENTS 2% (CHILLI, BLACK PEPPER, GINGER, DRY MANGO, CLOVE, CAROM SEEDS, TAMARIND), EDIBLE COMMON SALT, ACIDITY REGULATOR (INS 330).",e,3,https://images.openfoodfacts.org/images/products/890/601/050/0276/front_en.3.400.jpg,,,yes,6/8
8904071704527,Plantain Chips (Yellow Banana Chips),,Snacks,170,,,,"Plantain Banana (64%), Edible Vegetable Oil (Palmolein), Rock Salt. INGREDIENTS: Banane plantain (64%), huile végétale comestible (palmoléine), sel gemme. المكونات : موز الموز (٦٤) ، زت نا صالح للأل (النخل) ، ملح صخري ergy Advice Product is packed in a factory that handles Peanuts, Tree Nuts, Milk, Wheat, Sesame, Mustard and Soya. produit est emballé dans une usine qui traite des arachides, es noix, du lait, du blé, du sésame, de la moutarde et du soja. يتم تعبئة هذا المنتج في مصنع يتعامل مع الفول السوداني والمكسرات والحليب والقمح والسمسم والخردل وفول الصويا.",e,,https://images.openfoodfacts.org/images/products/890/407/170/4527/front_id.4.400.jpg,,,yes,4/8
8908000794023,Pasteurised full cream milk,Gokul,"Whole milks, Pasteurised full cream milk",,,Gokul pasteurised full cream milk,,,d,,https://images.openfoodfacts.org/images/products/890/800/079/4023/front_en.3.400.jpg,,,yes,4/8
8901262180115,malai paneer fresh,Amul,Paneer,200g,,,,"milk solids , citric acid",c,3,https://images.openfoodfacts.org/images/products/890/126/218/0115/front_en.6.400.jpg,,,yes,5/8
8902080002283,7up,PepsiCo Inc.,"Artificially sweetened beverages, Sodas, Carbonated waters",400ml,,Green Dot India,,"CARBONATED WATER, ACIDITY REGULATORS (330, 331, 296), FLAVOUR (NATURAL FLAVOURING SUBSTANCES), SWEETENERS (951, 955,950), PRESERVATIVES (211), STABILIZER (436).",c,4,https://images.openfoodfacts.org/images/products/890/208/000/2283/front_en.3.400.jpg,,,yes,6/8
8901764072277,kinley. ORIGINAL STRONG SODA,kinley,"Sodas, Sweetened beverages",750 ml,,,,"Carbonated water,Salts of Magnesium and Sodium",b,,https://images.openfoodfacts.org/images/products/890/176/407/2277/front_en.33.400.jpg,,,yes,5/8
3948764072277,Soda 750 ml,,Sodas,,,,,,unknown,,https://images.openfoodfacts.org/images/products/394/876/407/2277/front_en.10.400.jpg,,,yes,2/8
8901491504782,West Indies hotn sweet chilli,Lay's,Chips,50gm,,,,"Potato, Edible Vegetable Oil (Palmolein, Sunflower Oil), Sugar, Maltodextrin, Iodised Salt, Natural and Nature Identical Flavouring Substances, Spices ,  Condiments, Flavour Enhancers (627 ,  631), Edible Vegetable Oil (Palm, Sunflower, Peanut), Hydrolysed Vegetable Protein, Anticaking Agent (551), Cocoa Solids, Lactose",e,4,https://images.openfoodfacts.org/images/products/890/149/150/4782/front_fr.11.400.jpg,,,yes,5/8
8901058023800,Maggi 2-minute noodles Masala,"Maggi, Nestlé",Instant noodles,8 x 70g (560g),,,India,"Wheat flour (maida), palm oil, iodized salt, wheat gluten, thickeners (501(ii), 500(ii)), humectant (451(i)), onion powder, coriander powder, red chili powder, garlic powder, aniseed powder, ginger powder, black pepper powder, toasted onion powder, clove powder, green cardamom powder, cumin powder, hydrolysed groundnut protein, refined wheat flour, soy oil, iodized salt, thickener (508), acidity regulator (330), color (150d), mineral, wheat gluten",unknown,4,https://images.openfoodfacts.org/images/products/890/105/802/3800/front_en.3.400.jpg,,,yes,6/8
8906010500894,Chataka pataka,Balaji Wafers,Puff pastry appetizers,25g,,,,,e,,https://images.openfoodfacts.org/images/products/890/601/050/0894/front_en.4.400.jpg,,,yes,4/8
8901491100533,Chilli Chatka 20rs,Kurkure,"Crisps, Crispy biscuits",75g,,,India,"Rice meal (43.2%), edible vegetable oil (palmolein oil), corn meal (20.0%), gram meal (3.3%), spices and condiments (chilli powder, onion powder, fennel powder, ajwain powder, cumin powder, garlic powder, coriander powder, black pepper powder, spice extract, fenugreek powder), sugar, salt, citric acid (330).",e,3,https://images.openfoodfacts.org/images/products/890/149/110/0533/front_en.35.400.jpg,,,yes,6/8
8901595862818,Dark Soy sauce,Ching secret,Soy sauces,90g,,,,"Water, lodised Salt, Soybean (10%), Sugar, Natural Colour (INS 150c), Wheat, Acidity Regulator (INS 260), Preservative (INS 202).  Allergen Advice: Contains Wheat & Soy. May contain Nuts, Sesame seeds, Mustard and Milk. DA",e,4,https://images.openfoodfacts.org/images/products/890/159/586/2818/front_en.20.400.jpg,,,yes,5/8
8906010500368,Tikha Mitha Mix,Balaji Namkeen,Ready-to-Eat Savouries,30 g,,Green Dot India,,"Edible Vegetable Oil (Palmolein), Chickpea Flour (18%), Green Peas (12%), Rice Flakes (11%), Roasted Peanut (9%),  Chickpea Splits (7%), Sugar(7%), Corn Flakes (6%), Rice Flour, Spices & Condiments 5% (Chilli Powder. Sesame Seeds, Curry Leaves, Coriander Powder, Turmeric Powder, Fennel Powder, Dry Mango Powder, Black Pepper, Cumin Powder, Carom Seed, Ginger Powder, Clove Powder, Cinnamon, Cardamom, Nutmeg, Mace, Bay Leaves), lodized Salt, Acidity Regulator (INS 330).",unknown,3,https://images.openfoodfacts.org/images/products/890/601/050/0368/front_en.3.400.jpg,,,yes,6/8
8901491103084,Green chutney style,Kurkure,"Appetizers, Botanas, Snacks salados",75g,Plastic,,,"Cereal Products (57%) (Rice Meal (38%), Corn Meal (19%)), Edible Vegetable Oil (Palmolein), *Seasoning (~Spices & Condiments, lodised Salt, Sugar, Tamarind Powder, Flavour (Natural, Nature Identical and Artificial (Spearmint) Flavouring Substances), Maltodextrin, Acidity Regulator (330), Emulsifier (414), Color (160c), Flavour Enhancers (627, 631)), Gram Meal (6%). *As flavouring agent. ~Contains Onion and Garlic enhances 627,631",e,4,https://images.openfoodfacts.org/images/products/890/149/110/3084/front_es.3.400.jpg,,,yes,6/8
89009949,Nescafe Classic Instant coffee,Nescafe,"Coffees, Instant coffees",45g,,Green Dot India,,Coffee beans,unknown,1,https://images.openfoodfacts.org/images/products/000/008/900/9949/front_en.4.400.jpg,,,yes,6/8
8906010500030,Malasa Masti,Balaji Wafers,"Potato crisps, Wafers",30g,,,,"POTATO (87%), EDIBLE VEGETABLE OIL (PALMOLEIN), SUGAR, SPICES & CONDIMENTS 1% (CHILLI, DRY MANGO, CORIANDER, CUMIN, BLACK PEPPER, GINGER, CLOVE), EDIBLE COMMON SALT, BLACK SALT",e,3,https://images.openfoodfacts.org/images/products/890/601/050/0030/front_en.26.400.jpg,,,yes,5/8
8901725016296,Dark Fantasy Bourbon Biscuit,Sunfeast,Chocolate biscuits,108g,,Green Dot India,,"MAIDA (REFINED WHEAT FLOUR), SUGAR (35.0%), REFINED PALM OIL, COLOURS (150a, 150c, 150d, 129), STARCH, COCOA SOLIDS (1.8%), RAISING AGENTS [503(ii), 500(ii), 450(i)], ARTIFICIAL FLAVOURING SUBSTANCES (VANILLA, CHOCOLATE), EMULSIFIERS [MONO AND DIGLYCERIDES OF FATTY ACIDS (FROM PALM OIL), LECITHIN (SOY), POLYSORBATE 60 (FROM PALM)], IODIZED SALT, NATURE IDENTICAL FLAVOURING SUBSTANCES (CHOCOLATE), PLAIN CHOCOLATE (0.01%).",e,4,https://images.openfoodfacts.org/images/products/890/172/501/6296/front_en.20.400.jpg,,,yes,6/8
8906010503444,8906010503444,,,,,,,,unknown,,https://images.openfoodfacts.org/images/products/890/601/050/3444/front_en.3.400.jpg,,,yes,1/8
3948764012273,Coca cola Soft Drink 750ml,Coca cola,"Cola with sugar and artificial sweetener, Sweetened beverages",750ml,,"Green Dot, Green Dot India",,"Carbonated water ,Sugar, Acidity Regulator (338), Caffeine (8.7 mg/100g), Colour (150d), Flavours (Natural Flavoring substances)",e,4,https://images.openfoodfacts.org/images/products/394/876/401/2273/front_en.7.400.jpg,,,yes,6/8
3948764022913,fanta coca cola,Everest Turmeric powder tikha lal,"Sodas, Pran Lichi","Pepsi cold drink produced & Litchi,water 1ltr",,,,Everest black pepper,unknown,,https://images.openfoodfacts.org/images/products/394/876/402/2913/front_en.28.400.jpg,,,yes,5/8
8901030919305,pizza & pasta sauce,Knorr,"Pasta sauces, Pizza sauces",200g,,,,"Water, Vegetables (Crushed Tomato - 25%, Diced Tomato - 20%, Chopped Onion-3.5% and Garlic Paste-2.5%), Sugar, lodised Salt, Soyabean Oil, Stabilisers - E1422, E415, Acidity Regulator - E260, Herbs (Oregano and Basil - 0.12%), White Pepper Powder, Preservative-E211",d,4,https://images.openfoodfacts.org/images/products/890/103/091/9305/front_en.3.400.jpg,,,yes,5/8
8886467122439,Pringles Desi Masala Tadka Flavour,Pringles,Stacked extruded potato crisps,107 g,"Plastic,Tube",Green Dot India,malaysia,"Dried Potato (45%), Edible Vegetable Oil (Palm Oil), Corn Flour, Wheat Starch, Desi Masala Tadka Flavour Seasoning (5.5%) [Salt, Maltodextrin, Vegetable Powders {Onion Powder (6%), Garlic Powder (2.7%), Tomato Powder (1%)}, Sugar, Spices (6%) {Black Pepper Powder (4%), Ginger Powder (1%), Turmeric Powder (1%)}, Flavouring Substances (Natural Identical), Acidity Regulators (INS 330, 296, 334), Anticaking Agent (INS 551), Stabiliser {INS 341(iii)}, Preservative {INS 262(i)}, Flavour Enhancers (INS 627, 631), Paprika Extract (0.3%), Emulsifier (INS 414)], Emulsifier (INS 471), Maltodextrin, Acidity Regulator (INS 330)",e,4,https://images.openfoodfacts.org/images/products/888/646/712/2439/front_en.3.400.jpg,,,yes,8/8
8906010502300,balaji wafers flamin hot,,veg wafers,,,,,"Corn (74%), Edible Vegetable Oil (Palmolein), iodized Salt, Chilli Powder, Black Salt, Maltodextrin,  Dehydrated Vegetable Powder (Garlic, Onion, Lemon), Hydrolyzed Vegetable Protein (Soya), Acidity Regulator (INS 330), Flavour Enhancer (INS 627. INS 631), Yeast Extract, Oregano, Anticaking Agent (INS&quot;",unknown,4,https://images.openfoodfacts.org/images/products/890/601/050/2300/front_en.12.400.jpg,,,yes,3/8
8904071700192,Golden potato chips,,Potato crisps,,,,,"Potatoes (64%), Edible Vegetable Oil (Palmolein), Rock Salt. INGRÉDIENTS Pommes de terre (64%), huile végétale comestible (palmoléine), sel gemme. ALLERGY ADVICE: مكونات بطاطس (٦٤) ، زيت نباتي صالح للأكل (النخيل) ، ملح صخري. This product is packed in a factory that handles peanuts, tree nuts, milk, wheat, sesame, mustard and soya. CONSEILS SUR LES ALLERGIES: Ce produit est emballé dans une usine qui traite des arachides, des fruits à coque, du lait, du blé, du sésame, de la moutarde et du soja. نصيحة الحساسية: يتم تعبئة هذا المنتج في مصنع يتعامل مع الفول السوداني وجوز الأشجار والحليب والقمح والسمسم والخردل وفول الصويا. USA",unknown,,https://images.openfoodfacts.org/images/products/890/407/170/0192/front_en.3.400.jpg,,,yes,3/8
8901088136945,100% Pure Coconut Oil,Parachute,Coconut oils,300mo,,Green Dot India,India,Coconut Oil,e,2,https://images.openfoodfacts.org/images/products/890/108/813/6945/front_en.3.400.jpg,,,yes,7/8
8906032018919,Nutrela Soya mini chunks,Nutrela,"Soy beans, Soybean flours, Textured soy protein, Nutrela-soya-mini-chunks",50g,,FSSAI Lic. No. - 10012026000040,,Defatted Soy,b,1,https://images.openfoodfacts.org/images/products/890/603/201/8919/front_en.5.400.jpg,,,yes,6/8
8906032018810,Patanjali Doodh biscuits,Patanjali,Biscuits,800g,,Green Dot India,,"Wheat Flour (Atta-58.6%), Edible Vegetable Oil(Palm), Sugar, Liquid Glucose, Milk Solids (1.7%), lodized Salt, Leavening agents [INS-500 Energy (0), INS 503(ii), INS - 341(0)] Cheese, Dough Conditioner (INS 223), Antioxidant (INS 319), Emulsifier [INS 322(i)]. Natural, Nature Identical, Artificial Flavouring Substances (Milk & Vanilla).",e,4,https://images.openfoodfacts.org/images/products/890/603/201/8810/front_en.3.400.jpg,,,yes,6/8
8904004404661,salted peanuts,Haldiram's,Salted peanuts,,,Green Dot India,,,e,,https://images.openfoodfacts.org/images/products/890/400/440/4661/front_en.8.400.jpg,,,yes,4/8
8901117250000,prolyte ors Orange flavour,cipla health,"Dietary drink for sport, Artificial Juice",200ml,,,,,unknown,,https://images.openfoodfacts.org/images/products/890/111/725/0000/front_en.7.400.jpg,,,yes,4/8
8906010500511,Chataka Pataka,Balaji,"Crisps, Namkeen",48g,,,,"RICE MEAL (43%), EDIBLE VEGETABLE OIL (CONTAINS ONE OR MORE OF THE FOLLOWINGS: PALMOLEIN, RICE BRAN, CORN, COTTONSEED), CORN MEAL (13%), CHICKPEA FLOUR, **SEASONING [EDIBLE COMMON SALT, SPICES & CONDIMENTS 2% (CUMIN, CHILLI, BLACK PEPPER, DRY MANGO), DEHYDRATED VEGETABLE POWDER (ONION, GARLIC), SUGAR, ACIDITY REGULATOR (INS 330), ANTICAKING AGENT (INS 551), FLAVOUR ENHANCER (INS 627, INS 631), FLAVOUR (NATURAL & NATURE IDENTICAL FLAVOURING SUBSTANCES), PAPRIKA EXTRACT (INS 160C)]. **AS FLAVOURING & SEASONING AGENT NAMKEEN READY-TO-EAT SAVOURIES | PROPRIETARY FOOD | INDIAN SNACKS & SAVOURIES PRODUCT OF INDIA",e,4,https://images.openfoodfacts.org/images/products/890/601/050/0511/front_en.9.400.jpg,,,yes,5/8
8901725015886,Dark Fantasy Choco Fills,Sunfeast,Chocolate biscuits,20 g,,Green Dot India,,"CHOCO CRÈME (38.0%) (SUGAR, REFINED PALMOLEIN, REFINED PALM OIL, COCOA SOLIDS, EMULSIFIER [LECITHIN (FROM SOYABEAN) NATURE IDENTICAL FLAVOURING SUBSTANCES (CHOCOLATE) ARTIFICIAL FLAVOURING SUBSTANCES (VANILLA)}, MAIDA (REFINED WHEAT FLOUR), HYDROGENATED VEGETABLE OIL, SUGAR, INVERT SYRUP LIQUID GLUCOSE, RAISING AGENTS [503(ii), 500(ii) 450(i)], COCOA SOLIDS (0.7%), BUTTER, MILK SOLIDS, IODIZED SALT, NATURE IDENTICAL FLAVOURING SUBSTANCES MILK CHOCOLATE), COLOURS (150c, 150d), EMULSIFIERS [LECITHIN (FROM SOYABEAN), MONO AND DIGLYCERIDES OF FATTY ACIDS (FROM PALM OIL)], ARTIFICIAL FLAVOURING SUBSTANCES (MILK, VANILLA). CONTAINS WHEAT, MILK, SOY. MAY CONTAIN NUT, SULPHITE",e,4,https://images.openfoodfacts.org/images/products/890/172/501/5886/front_en.11.400.jpg,,,yes,6/8
8904071700031,Masala Banana Chips,Chheda's,"Chips and fries, Olives, Banana breads",170gm,,,,,c,,https://images.openfoodfacts.org/images/products/890/407/170/0031/front_en.24.400.jpg,,,yes,4/8
8902579001438,Appy Fizz,Appy,Beverages,,,,,,unknown,,https://images.openfoodfacts.org/images/products/890/257/900/1438/front_en.5.400.jpg,,,yes,3/8
8906010501822,GIPPI,Balaji,"Cereals and their products, Noodles",gippi,,Q,,Unknown,unknown,,https://images.openfoodfacts.org/images/products/890/601/050/1822/front_en.7.400.jpg,,,yes,6/8
8901725005986,Sunfeast Yippee! masala magic,"Sunfeast, Yippee!",Instant noodles,560g,,,,"Instant Noodles: Refined Wheat Flour Maida)(78.4%), Refined Palm Oil, lodized Salt, Wheat Gluten (0.4%), Thickeners (INS 508, INS 412), Stabilizers (INS 170(i), INS 339(ii), INS 450(iii), INS 452(i and Acidity Regulators (INS 501(1), INS 500(i), INS 330) Seasoning: Masala Mix: Dehydrated Vegetables Beans (9.5%), Carrot (7.1%), Onion (4.6%) and Cabbage (3.8%)], Instant Noodle Powder Refined Wheat Flour (Maida) (15.8%), Refined Palm Oil, lodized Salt Wheat Gluten (0.07% Spices and Condiments (17.6%)[Garlic, Coriander, Cumin, Ginger, Chilli, Aniseed, Fenugreek, Black Pepper, Cardamom, Nutmeg, Caraway, Cinnamon, Clove and Turmeric], Sugar, lodized Salt, Hydrolyzed Vegetable Protein, Natural Flavours and Natural Flavouring Substances, Nature Identical Flavouring Substances, Maltodextrin, Yeast Extract, Acidity Regulator (INS 330), Flavour Enhancers (INS 627, INS 631) anticaking Agent (INS 501).",unknown,4,https://images.openfoodfacts.org/images/products/890/172/500/5986/front_en.3.400.jpg,,,yes,5/8
8904090906520,Garlic mixture,Rajam snacks,Snacks,800 g,,,,"Chickpea Flour, Rice flour, Garlic, Groundnut, Corn, Curry leaves, Chilli Powder, Grains, Iodised Salt, Refined Palmolein Oil",unknown,3,https://images.openfoodfacts.org/images/products/890/409/090/6520/front_en.6.400.jpg,,,yes,5/8
8901262174114,King Alphonso Gold Ice Cream,Amul,Ice cream in a box,,,,,,d,,https://images.openfoodfacts.org/images/products/890/126/217/4114/front_en.25.400.jpg,,,yes,3/8
3948262200196,amul butter masti 15,,,,,,,,unknown,,https://images.openfoodfacts.org/images/products/394/826/220/0196/front_en.3.400.jpg,,,yes,1/8
8901725018016,Yippee noodles (snack pack),Sunfeast,"Snacks, Noodles",48,,Vegetarian,,"Instant Noodles: Maida (Refined Wheat Flour)(78.7%), *Edible Vegetable Oil, Iodized Salt, Wheat Gluten (0.4%), Thickeners (502, 412), Acidity Regulators (501), Stabilizer [339(i)]. Seasoning: Masala Mix: Dehydrated Vegetables [Beans (9.5%), Carrot (7.1%), Onion (4.6%), Cabbage (3.8%)], Instant Noodle Powder (Maida (Refined Wheat Flour)(15.9%), *Edible Vegetable Oil, Iodized Salt, Wheat Gluten (0.07%)], Spices and Condiments [Garlic (17.6%)], Coriander, Cumin, Dried Ginger, Chilliies, Aniseed, Fenugreek, Black Pepper, Cardamom, Nutmeg, Caraway, Cinnamon, Cloves, Tumeric], Sugar, Iodized Salt, Hydrolyzed Vegetable Protein (Deflated Soya, Maltodextrin), Natural Flavours and Natural Flavouring Substances, Yeast Extract, Acidity Regulator (330), Nature Identical Flavouring Substances, Flavour Enhancer (635).",e,4,https://images.openfoodfacts.org/images/products/890/172/501/8016/front_en.8.400.jpg,,,yes,6/8
7622202324260,Dairy Milk Chocolate,,"Candy chocolate bars, Milk chocolates, Ch",,,,,"Sugar, Milk Solids (23%), Cocoa Butter, Cocoa Solids, Fractionated Fat, Emulsifiers (442,476), Flavours (Natural, Nature Identical and Artificial (Vanilla) Flavouring Substances). CONTAINS COCOA BUTTER EQUIVALENT IN ADDITION TO COCOA BUTTER. Allergen Information: Contains Milk, Soy. May Contain Tree Nuts, Wheat, Barley Serving size:21g No. of servings per package: 1.",e,4,https://images.openfoodfacts.org/images/products/762/220/232/4260/front_en.7.400.jpg,,,yes,3/8
8906080604690,Swing Coconut Water,Paper Boat,Beverages,270ml,,"Green Dot India, Paper-boat",,"WATER, SUGAR, COCONUT WATER CONCENTRATE (4.3%), MINERAL SALT (POTASSIUM CHLORIDE). ACIDITY REGULATOR (CITRIC ACID), FLAVOURS (NATURAL AND NATURE-IDENTICAL FLAVOURING SUBSTANCES), PRESERVATIVES (242, 202), IODISED SALT AND  ANTIOXIDANT (224).  *RECONSTITUTED 55% COCONUT WATER DRINK.",unknown,4,https://images.openfoodfacts.org/images/products/890/608/060/4690/front_en.22.400.jpg,,,yes,6/8
8901058851298,Maggi 2-minutes Noodles,"Maggi, Nestlé",Instant noodles,70 g,Pouch flask,,Karnataka,"Noodles : Refined wheat flour, Palm oil , salt , Wheat gluten , Thickeners(508 & 412) ,  mineral(calcium carbonate) and Humectant(451(i)) Taste maker : Hydrolyzed peanut protein ,Mixed spices(23.6%) ,Dehydrated onion , coriander powder , red Chili powder (3%), Turmeric powder , dried Garlic (2.5%), Cumin powder , Aniseed powder , Fenugreek powder , ginger powder , black pepper powder (0.4%), Clove powder(0.1%), green cardamom powder(0.1%), nutmeg powder  , Noodle powder ( refined wheat flour, palm oil ,wheat gluten ,Acid regulators(170(i) , 501(i) & 500(i)) , Thickeners(508 & 412) , Humectant(451(i)) , calcium carbonate, guar gum), starch, garlic powder, caramel salt mix (salt , color(150d), & palm oil)  , acidity regulators(330 & 500(ii)) , Flavour enhancer(635) and mineral ( ferric pyrophosphate)",unknown,4,https://images.openfoodfacts.org/images/products/890/105/885/1298/front_en.31.400.jpg,,,yes,7/8
19010588,Chicken noodles,"Maggi, Nestlé","Meals, Instant noodles, Chicken Noodles",71 G,Plastic,,,"Tastemaker: Mixed spices (Dehydrated onion, Dehydrated onion bits, Dried garlic powder (3%), Red chilli flakes (3%), Black pepper powder (2.3%), Dried garlic bits (2%), Red chilli powder (0.9%), Spice extract blend (Capsicum extract, Coriander extract, Cumin extract), Turmeric powder, Nutmeg powder), Sugar, Noodle powder (Refined wheat flour (Maida), Palm oil, Iodised salt, Gluten, Thickeners (508, 412), Acidity Regulators (501(i), 500 (i)), Humectant (451(i))), Iodised salt, Starch, Dehydrated chicken powder (Chicken meat (5.7%), Chicken fat (0.3%), Humectant 420(ii), Iodised salt, Onion, Dehydrated bread, Acidity regulator (330)), Thickener (508), Flavour enhancer (635), Liquid chicken fat (Chicken fat (1.9%), Acidity Regulator (330), Sunflower oil, Antioxidants (307(b), 320)), Caramel salt mix (Iodised salt, Colour (150d), Palm oil), Palm oil, Acidity Regulator (330), Mineral (Ferric pyrophosphate) and Dehydrated kasuri methi leaves. CONTAINS PERMITTED NATURAL COLOUR AND ADDED FLAVOURS (NATURAL FLAVOUR AND NATURE IDENTICAL FLAVOURING SUBSTANCES). May contain Eggs, Milk solids and Soya.",unknown,4,https://images.openfoodfacts.org/images/products/000/001/901/0588/front_en.15.400.jpg,,,yes,6/8
8902080104055,Pepsi Drink 750ml,The Coca-Cola Company,"Colas, Sweetened beverages",11,plastic bottle,,,"CARBONATED WATER, SUGAR, COLOUR (150d), ACIDITY REGULATOR (338), CAFFEINE (10 mg/100g), FLAVOUR (NATURAL FLAVOURING SUBSTANCES), STABILZER (436)",e,4,https://images.openfoodfacts.org/images/products/890/208/010/4055/front_en.44.400.jpg,,,yes,6/8
8906002000494,Dr Oetker Funfoods Veg Mayonnaise,"Dr. Oetker, Funfoods",Mayonnaises,250,,Green Dot India,,"Refined Soyabean Oil, Water, Sugar, Milk Solids, lodised Salt, Stabilizers (INS415, INS1442), Acidity Regulators (INS260, Preservatives (INS211, INS202), Antioxidant (INS319).",e,4,https://images.openfoodfacts.org/images/products/890/600/200/0494/front_en.4.400.jpg,,,yes,6/8
8901491702188,Oats,Quaker,Rolled oats,,,,,,a,,https://images.openfoodfacts.org/images/products/890/149/170/2188/front_en.3.400.jpg,,,yes,3/8
8901491001854,PEPSICO.,Lay's,Potato crisps,,,D,,"Potato, Edible Vegetable Oil (Palmolein Oil, Sunflower Oil), *Seasoning (Maltodextrin, Spices & Condiments, lodised Salt, Sugar, Acidity Regulator (330), Beetroot Powder, Yeast Extract, Butter Milk Powder, Anticaking Agent (551), Flavour Enhancers (627 & 631)).",e,4,https://images.openfoodfacts.org/images/products/890/149/100/1854/front_en.22.400.jpg,,,yes,5/8
8901595851218,Veg Hakka Noodles,Ching's Secret,"Pasta dishes, Instant noodles",140 g,,,,"Refined Wheat Flour (Maida) (96%), Wheat Gluten, lodised Salt, Raising Agents (INS 500 (ii), INS 500(i)), Thickening & Stabilizing Agents (INS 452 (i), INS 451 (i), INS 471, INS 339 (ii), INS 412), Acidity Regulators (INS 450 (iii), INS 501 (i)). Allergen Advice: Contains Wheat. May contain Soy, Mustard, Milk and Celery",unknown,4,https://images.openfoodfacts.org/images/products/890/159/585/1218/front_en.31.400.jpg,,,yes,5/8
8906010500535,Balaji Wafers Chaat Chaska,Balaji,"Crisps, Salty snacks made from potato",35 g,,Green Dot India,,"Potato (88%), Edible Vegetable Oil (Palmolein), lodized Salt, †Spices & Condiments 0.5% (Cumin, Chilli, Parsley, Ginger, Cinnamon, Black Pepper, Dry Mango), Dehydrated Vegetable Powder (Onion, Garlic), Sugar, Maltodextrin, Flavour Enhancer (INS 627, INS 631), Acidity Regulator (INS 296, INS 330), Anticaking Agent (INS 551).",d,4,https://images.openfoodfacts.org/images/products/890/601/050/0535/front_en.21.400.jpg,,,yes,6/8
8901512540201,ACT TT GOlDEN SIZZLE,ACT II,Popcorn,35,,,,"Popping Corn (70.8%), Refined Edible Palmolein Oil (TBHQ), lodized Salt & Beta Carotene.",d,4,https://images.openfoodfacts.org/images/products/890/151/254/0201/front_en.34.400.jpg,,,yes,5/8
8906005508904,Bikaji mobile bhel chowpati bhelpuri,Bikaji,Snacks,110g,,,,"Edible Vegetable Oil (Palmolein oll, Cotton Seed Oil), Puffed Rice (17%), Chick Pea (10%), Peanuts (79%), Gram Flour, Dew Bean Flour (Moth Flour), Wheat Flour, Rice Flakes, Dates (2%), Sugar, Ground Spices and Condiments (lodised Salt, Red Chilli, Coriander, Turmeric (Colouring & Spices), Cumin, Black Salt, Dry Green Chilli, Dry Red Chilli, Garlic, Dry Mango, Dry Cassia Leaves, Cinnamon, Ginger, Black Pepper, Cardamom, Clove, Nutmeg, Mace, Asafoetida, Acidity Regulator (INS330)",d,4,https://images.openfoodfacts.org/images/products/890/600/550/8904/front_en.3.400.jpg,,,yes,5/8
8901058904741,Nestle kit Kat (Ind),KitKat,"Wafers, Candy chocolate bars filled with biscuit",,,,,"Sugar, Milk solids (16.1%), Fractionated vegetable fat, Hydrogenated vegetable fats, Refined Wheat flour (Maida), Cocoa solids (4.5%), Emulsifier (Soy lecithin), Raising agent (500(i)), Yeast, Iodized salt, Artificial (Vanilla) flavouring substance, Flour treatment agent (516) and Nature-Identical flavouring substance",e,4,https://images.openfoodfacts.org/images/products/890/105/890/4741/front_en.3.400.jpg,,,yes,4/8
8901058875577,Milkybar,Nestlé,Milk chocolate bar,,,,,,e,,https://images.openfoodfacts.org/images/products/890/105/887/5577/front_en.8.400.jpg,,,yes,3/8
8901063142244,Nutri choice zero,Britannia,Biscuits,100g,,,,biscuit 🍪,unknown,,https://images.openfoodfacts.org/images/products/890/106/314/2244/front_fr.3.400.jpg,,,yes,5/8
8906010501419,poprings,balaji,Sweet snacks,30g,Plastik wrap,,,"Corn Meal (68%), Edible Vegetable Oil (Palmolein), Sugar, iodized Salt, Maltodextrin, Cheese Powder (0.6%), Milk Solids, Soya Powder, Stabilizer (INS 1701) Flavour Enhancer (INS 627, INS 631), Acidity Regulator (INS 330), Anticaking Agent (INS 551).",unknown,4,https://images.openfoodfacts.org/images/products/890/601/050/1419/front_en.14.400.jpg,,,yes,6/8
8906006721821,lion kimjo Dates,LION,"Dried fruits, Dates",500 g,Iso,Green Dot India,tamilnadu,Dates,c,1,https://images.openfoodfacts.org/images/products/890/600/672/1821/front_en.4.400.jpg,,,yes,8/8
8904004400588,Haldiram's Lite Chiwda,Haldiram,,57 g,,,Nagpur,"Rice flakes,Refined Palmolein Oil,Bengal Gram Flour,Tapioca Starch,Refined Sugar,Iodised Salt and Turmeric",unknown,,https://images.openfoodfacts.org/images/products/890/400/440/0588/front_en.6.400.jpg,,,yes,5/8
8901764175015,Maaza,Coca-Cola,"Fruit juices, Sweetened beverages, Mango-juice",125ml,,,Inde,"WATER, SUGAR, MANGO PULP (10.7%), ACIDITY REGULATORS (300,331(iii)), STABILIZER(466), ANTIOXIDANT (300), COLOUR (110), MANGO FLAVOURS (NATURE-IDENTICAL & ARTIFICIAL FLAVOURING SUBSTANCES).",e,4,https://images.openfoodfacts.org/images/products/890/176/417/5015/front_en.3.400.jpg,,,yes,6/8
8901088213608,Saffola Oats,"Saffola, Marico",Rolled oats,1kg,,Green Dot India,,Rolled Oats,a,1,https://images.openfoodfacts.org/images/products/890/108/821/3608/front_en.3.400.jpg,,,yes,6/8
8906007611602,Kreamy magic,Kwality,Cream pav,60gram,,,,,unknown,,https://images.openfoodfacts.org/images/products/890/600/761/1602/front_en.3.400.jpg,,,yes,4/8
7622202216916,Cadbury Chocobakes 17gm,Cadbury,Confectioneries,17g,,,,"Cake (45%*)-Refined Wheat Flour (Maida), Sugar, Humectants (420 (ii), 422, 1520), Palm Olein, Liquid Glucose, Milk Solids, Cocoa Solids, Starch, Emulsifiers (322, 475, 471, 491), Raising Agent (500 (i), 450 (i), 341 (i), lodised Salt, Flavours (Natural Flavour, Nature Identical Flavouring Substances), Preservative (202), Stabilizer (415)); Chocolayer (29%*) - Sugar, Hydrogenated Vegetable Oils, Milk Solids, Cocoa Solids, Emulsifiers (442, 476)), Flavours (Nature Identical, Artificial (Vanilla and Caramel) Flavouring Substances); Filling (26%*) - (Sugar, Fractionated Fat, Liquid Glucose, Humectant (422, 1520), Water, Emulsifiers (322, 475, 471,491), Cocoa Solids, Flavours (Natural flavour, Nature Identical Flavouring Substances), lodised Salt, Preservative (202)). Allergen Information: Contains Milk, Wheat, Sulphites and Soy. Private Limited, Serving size:17 g*, No of serving per package: 1* P-Mfd By: Parson and Survey No.225 Area, Harohalli,Kar Ramanagara, Kan Doe lo",e,4,https://images.openfoodfacts.org/images/products/762/220/221/6916/front_en.22.400.jpg,,,yes,5/8
8901058016116,KitKat 50,KitKat,"Chocolate candies, Chocolate-covered biscuits",19 gm,,,,,unknown,,https://images.openfoodfacts.org/images/products/890/105/801/6116/front_en.30.400.jpg,,,yes,4/8
8901063365964,Britannia Chocolate Cake 100gm,Britannia,Cakes,,,,,"REFINED WHEAT FLOUR (MAIDA), SUGAR, EGG, VANASPATI, INTERESTERIFIED VEGETABLE FAT, HUMECTANT (422), DEXTROSE, REFINED PALMOLEIN OIL, LIQUID GLUCOSE, COCOA SOLIDS (2.1%), HIGH MALTOSE SYRUP, FRUCTOOLIGOSACCHARIDES, COLOURS (150d, 150c, 102, 122, 132, 133), CAKE GEL [EMULSIFIERS (471, 477, 470(i)) & HUMECTANTS (1520, 422)), RAISING AGENTS (341(i), 500(ii), 450(vii) & 450(i)), NATURE IDENTICAL (CHOCOLATE) & ARTIFICIAL (CREAMY VANILLA) FLAVOURING SUBSTANCES, INVERT SYRUP, IODIZED SALT, PRESERVATIVES (202 & 282), ACIDITY REGULATOR (330), BAKING POWDER, EMULSIFIER (475) AND STABILIZER (415). (Numbers in brackets as per International Numbering System) CONTAINS WHEAT & EGG. STORE UNDER COOL, DRY AND HYGIENIC CONDITIONS AWAY FROM SUNLIGHT",e,4,https://images.openfoodfacts.org/images/products/890/106/336/5964/front_en.22.400.jpg,,,yes,4/8
0846203004885,BAKARWADI,Chitale,Spices,500g,,,,"Refined Wheat Flour (Maida), Bengal Gram Flour, Refined Groundnut Oil, Sugar Syrup (Refined Sugar, Water), Refined Sugar, Green Chilli, Iodised Salt, Coriander Leaves, Grated Desiccated Coconut, Spices (Red Chilli Powder, Cumin Seed Powder, Coriander Seed Powder, Asafoetida), Tamarind Concentrate, Coriander Leaf Extract, Sesame Seeds.",not-applicable,3,https://images.openfoodfacts.org/images/products/084/620/300/4885/front_en.8.400.jpg,,,yes,5/8
8901719135156,PARLE MONACO,parle,"Biscuits, Bi",185.6,,,,"Refined wheat flour (maida), refined oils(pamolein and palm), sugar, raisins agents[503(ii),341(i)], iodised salt(2.25%), invert sugar syrup, yeast, acidity regulators [270,296], flour treatment agents[223,1101(ii),1100(i)], emulsifier of vegetable origin [472e] Contains added flavours(artificial flavouring substance - butter) Contains: wheat, sulphite",unknown,4,https://images.openfoodfacts.org/images/products/890/171/913/5156/front_en.4.400.jpg,,,yes,5/8
8906151420389,best misal farsan,Sitashree LaxmiNarayan,Snacks,325 g,,Green Dot India,,"Flour, Refined Palmolin Oil, Rice Flakes, Sugar, Chickpeas Lentils, Corn flakes, Red Chilli Powder, Caron Seeds, Black Salt, iodized Salt",unknown,3,https://images.openfoodfacts.org/images/products/890/615/142/0389/front_en.8.400.jpg,,,yes,6/8
3948764012600,Coca cola 400,Coca-Cola,Colas,,,,,,unknown,,https://images.openfoodfacts.org/images/products/394/876/401/2600/front_en.3.400.jpg,,,yes,3/8
8901719127106,NG,,"Biscuits, Buiscuits",,,,,Refined wheat flour Refined palm oil Milk solids Milk extracts Vegitable origin,unknown,,https://images.openfoodfacts.org/images/products/890/171/912/7106/front_en.7.400.jpg,,,yes,3/8
8906010500320,8906010500320,,,,,,,,unknown,,https://images.openfoodfacts.org/images/products/890/601/050/0320/front_en.6.400.jpg,,,yes,1/8
8906031252314,Chakote Slice Cake,Chakote,Cakes,,,Green Dot India,,,,,https://images.openfoodfacts.org/images/products/890/603/125/2314/front_en.4.400.jpg,,,yes,4/8
8901058022193,Maggi Noodles,Maggi,Instant noodles,70g,,Green Dot India,,,unknown,,https://images.openfoodfacts.org/images/products/890/105/802/2193/front_en.9.400.jpg,,,yes,5/8
8901246005373,TOMATO KETCHUP CLASSIC BLEND,Del Monte,Ketchup,900 g,Plastic pouch,Green Dot India,,,e,,https://images.openfoodfacts.org/images/products/890/124/600/5373/front_en.20.400.jpg,,,yes,6/8
5449000000996,Coca-Cola,"COCA-COLA SERVICES SA/NV, Coca-Cola","Colas, pt:bebidas cafeína",330 ml,Unknown packaging,"Made in the EU, Triman","atlanta, georgia, united-states","Agua carbonatada, azúcar, colorante (E-150d), acidulante (ácido fosfórico), aromas naturales (contiene cafeína).",e,4,https://images.openfoodfacts.org/images/products/544/900/000/0996/front_en.1129.400.jpg,,,yes,8/8
8901207019234,Hajmola,Dabur,"Ayurvedic, Digestive-tablets",120Nos,,,,"Powders of Shveta Jiraka (Cuminum cyminum, Fr. 15.000 mg, Pippali (Piper longum, Fr.) 5.000 mg, Dhanayaka (Coriandrum sativum, Fr.) 5.000 mg Mancha (Piper nigrum, Fr.) 5.000 mg. Samudra Lavana 15.000 mg Sawarchala Lavana 25.000 mg; and Extractives derived from: Chincha (Tamarindus indica, Fr.) 62.500 mg & Dadima (Punica granatum, Sd. 25.000 mg; and Excipients qs. Preservative: Sodium benzoate IP",unknown,,https://images.openfoodfacts.org/images/products/890/120/701/9234/front_fr.5.400.jpg,,,yes,5/8
8902080204052,Mirinda orange Flavour 750ml,Mirinda,Fruit-based beverages,24,,,,,unknown,,https://images.openfoodfacts.org/images/products/890/208/020/4052/front_en.7.400.jpg,,,yes,4/8
8904004400083,Haldiram's Bhujia sev,Haldiram's,Salty snacks,400g,,Green Dot,,"Tepary Beans (Moth Dal) Flour, Refined Cotton Seed Oil, Bengal Gram Flour (Besan), Edible Common Salt, Red Chilli Powder, Clove Powder, Black Pepper, Coriander Seed, Dried Ginger Powder, Cardamom, Bay Leaves, Nutmeg & Cinnamon. Allergen: May Contains Almond, Cashew, Wheat, Milk, Soy, Mustard Seed, Peanut & Sesame Seed.",e,3,https://images.openfoodfacts.org/images/products/890/400/440/0083/front_en.18.400.jpg,,,yes,6/8
8901262071864,99% Cacao Ultimate Dark Chocolate,Amul,Dark chocolate bar,125 g,Cardboard,Green Dot India,India,"Cocoa solids, emulsifiers (322,476). Nutritional Information 12 servings per container CACAO ULTIMATE DARK CHOCOLATE Serving size 10 g Amount per 100 g % RDA* Energy (kcal) 522 3% Total Fat (g) 40.8 6% Saturated Fat (g) 23.1 10% Trans Fat (g) 0.0 0% Cholesterol (mg) 0 Carbohydrate (g) 28.4 Total Sugars (g) 1.2 Added Sugars (g) 0.0 0% Protein (g) 14.7 Sodium (mg) 60 0% #RDA stands for Recommended Dietary Allowance per serving * Average values Chocolate Indulgence It's the pinnacle of dark chocolate that Contains 99% cacao sourced from some of the finest cocoa producing regions of the world. This is pure bliss for the true chocolate connoisseur. Manufactured by: Kaira District Co-operative Milk Producers' Union Ltd., Anand 388 001, Gujarat, India. At Food Complex Mogar, Mogar-388 340, India. Lic. No. 10014021001010. Marketed by: Gujarat Co-operative Milk Marketing Federation Ltd., Anand - 388 001, Gujarat, India. Website: www.amul.com fssai Lic. No. 10012021000071 We appreciate your feedback. Contact our Customer Care Executive at: 1800 258 3333 (Toll free) [6 AM-9PM] customercare@amul.coop 2 GCMMF Ltd., Anand - 388 001 Follow us on: f/amul.coop, @amul coop, famul india To know more about AMUL, please point your device here. Net Weight: 125 g STORE IN COOL, DRY AND HYGIENIC PLACE. AFTER OPENING, REFRIGERATE AND USE THE CONTENT WITHIN 2 MONTHS OR EXPIRY DATE, WHICHEVER IS EARLIER. Important: Temperature and humidity shocks may cause white layer without affecting quality of product for consumption. For MRP (incl. of all taxes), Date of Packaging (Pkd.) & Expiry (Exp.), Batch No. (BN), see below. #160.00 Fkd. 08 MAY/2 EXP 07 MAY 2 BN. :KIL1283 Amul The Taste of Ledia 8 901262 071864",d,,https://images.openfoodfacts.org/images/products/890/126/207/1864/front_en.17.400.jpg,,,yes,8/8
8904272600154,Storia Tender Coconut Water,Storia,"Waters, Coconut waters",,,Green Dot India,,,b,1,https://images.openfoodfacts.org/images/products/890/427/260/0154/front_en.27.400.jpg,,,yes,4/8
8901262020046,Pure Milk Cheese Slices,Amul,Cheeses,100g,,,,"Cheese, Milk Solids, Permitted Emulsifying Salts (E331 & E452) & Common Salt. CONTAINS PERMITTED CLASS II PRESERVATIVES (E200 & E234) BEST BEFORE 9 MONTHS FROM PACKAGING WHEN STORED REFRIGE",e,4,https://images.openfoodfacts.org/images/products/890/126/202/0046/front_fr.4.400.jpg,,,yes,5/8
8901030902383,Manchow Veg,Knorr,"Dried meals, Soup mixes",11g,,,,"Soup Powder. Ingrédients: Potato Starch, paration: Maltodextrin, Sugar, lodised Salt, *Dehydrated Vegetables (Cabbage Flakes (2.2%), Garlic Bits (1.8%), Onion Bits (1.8%), and Leeks (0.4%)), Hydrolyzed Vegetable Protein, Hydrogenated Palm Oil, Spices & Condiments (Chillies (1.8% ) ), Thickener - 415, Food Colour - Caramel IV, Flavours - Natural (Garlic) and Nature Identical flavouring substances (Soya Sauce), Acidity Regulator - 330, Anti caking agent - 551, Flavour Enhancer - 627 & 631. atents of this pack Contains Soya. May Contain Traces of Wheat, Milk, Mustard, Celery and Nuts. 11 g Soup powder + 150 ml water)",unknown,4,https://images.openfoodfacts.org/images/products/890/103/090/2383/front_en.3.400.jpg,,,yes,5/8
8901063162648,Britannia Marie Gold,Britannia,Biscuits,,,Green Dot India,,"REFINED WHEAT FLOUR (MAIDA) (73%), SUGAR, REFINED PALM OIL, INVERT SUGAR SYRUP MILK PRODUCTS (MILK SOLIDS & SWEETENED CONDENSED PARTLY SKIMMED MILK), RAISING AGENTS [503 & 500(i)], 10DISED SALT, MINERALS**, ARTIFICIAL (MILK & VANILLA) & NATURE IDENTICAL FLAVOURING SUBSTANCES, EMULSIFIER (472e), DOUGH CONDITIONER (223), VITAMINS, COLOUR (150d) AND IMPROVER (1101(i)). (Numbers in brackets as per International Numbering System)",e,4,https://images.openfoodfacts.org/images/products/890/106/316/2648/front_en.3.400.jpg,,,yes,5/8
8906090573047,Too yummy Chips green,,Crisps,,,,,,unknown,,https://images.openfoodfacts.org/images/products/890/609/057/3047/front_en.7.400.jpg,,,yes,2/8
8904004407617,Taka-tak,Haldiram's,Crisps,,,,,,e,,https://images.openfoodfacts.org/images/products/890/400/440/7617/front_fr.3.400.jpg,,,yes,3/8
8906010261078,Refined Sunflower Oil,Gold winner kaleesuwari,"Sunflower oils, Refined sunflower oils",1l (910g),,Green Dot India,,"Refined Sunflower Oil, Anti-oxidant (E319-TBHQ), Vitamin A, Vitamin D2",unknown,2,https://images.openfoodfacts.org/images/products/890/601/026/1078/front_en.3.400.jpg,,,yes,6/8
7622201763329,Orange Tang,,Beverages,,,"Vegetarian, No artificial flavors",,,unknown,,https://images.openfoodfacts.org/images/products/762/220/176/3329/front_en.6.400.jpg,,,yes,3/8
00001295,Feed Grade Soybeans,"H‑E‑B, Rural Route 1",,,,Non GMO project,,,unknown,,https://images.openfoodfacts.org/images/products/000/000/000/1295/front_en.16.400.jpg,,,yes,3/8
8906006783058,D-lite Tomato Ketchup,Surabhi,Tomato Ketchup,1kg,,,,"Tomato Puree (57%), Water, Sugar, Liquid Glucose, lodized Salt, Starch, Emulsifying & Stabilizing Agent (INS 1422, INS 415), Acidity Regulator (INS 260), Spices & Condiments, Preservative (INS 211) CONTAINS PERMITTED CLASS II PRESERVATIVE (INS 211)   Allergen Instruction: This product was processed on machinery and in a plant that also processes Wheat, Soya, Milk Solids, Mustard, Tree Nuts and Sesame Seeds.",e,4,https://images.openfoodfacts.org/images/products/890/600/678/3058/front_en.3.400.jpg,,,yes,5/8
8904004404647,salted peanuts,Haldiram's,Peanuts,200g,,,,"Groundnut (Peanuts) (93%), Edible Vegetable Oil (Palmolein, Cotton Seed, Corn, Sunflower, Rice Bran), Rock Salt (1%) & Refined Sugar",d,3,https://images.openfoodfacts.org/images/products/890/400/440/4647/front_en.14.400.jpg,,,yes,5/8
8904320015404,Peanut Butter - Crunchy,Disano,"Nut butters, Peanut butters",924g,,Green Dot India,,"Roasted Peanuts (91%), Sugar, Stabilizer (INS471), lodised Salt.",c,4,https://images.openfoodfacts.org/images/products/890/432/001/5404/front_en.5.400.jpg,,,yes,6/8
8906010501198,Crunchem Pizzy Masala,Balaji,"Crisps, Chips",30 g,,,,"POTATO (88%), EDIBLE VEGETABLE OIL (PALMOLEIN), SUGAR EDIBLE COMMON SALT, DEHYDRATED VEGETABLE POWDER 0.6% (ONION, GARLIC, TOMATO), MILK SOLIDS (WHEY (0.1%) SPICES & CONDIMENTS (CHILLI, PEPPER, OREGANO), PARSLEY ANTICAKING AGENT (INS 551, INS 414), NATURAL & NATURE IDENTICAL FLAVOURING SUBSTANCES (PIZZA). PROPRIETARY FOOD POTATO WAFERS INDIAN SNACKS & SAVOURIES ALLERGEN ADVICE: CONTAINS MILK SOLID",e,4,https://images.openfoodfacts.org/images/products/890/601/050/1198/front_en.3.400.jpg,,,yes,5/8
8906113490887,Tata Soulfull Millet Muesli,Tata Soulfull,Mueslis with nuts,1KG,,Green Dot India,,"Millets (26%) [Jowar (13.6%), Ragi (6.6%), Bajra (5.8%)], Rolled Oats (25%) Wheat Flakes (15%), Corn Flakes (5%), Dried Cranberry (5%), Refined Sugar, Black Raisins (5%), Dried Papaya (3.29 Almond (3%), Rice (2.8%), Invert Sugar Syrup, Honey, Malt Extract, Edible Vegetable Oil (Palmolein) Emulsifier (INS 322), Strawberry Powder, lodised Salt, Colour (INS 162), Natural Flavour, Anticaking Agent (INS 170(i)), Acidity Regulator (INS 330), Antioxidant (INS 320).",c,4,https://images.openfoodfacts.org/images/products/890/611/349/0887/front_en.14.400.jpg,,,yes,6/8
8906127550010,Natural Peanut Butter Crunch,ALPINO,"Nut butters, Peanut butters",1kg,,Green Dot India,,Roasted Peanuts (100%),b,1,https://images.openfoodfacts.org/images/products/890/612/755/0010/front_en.3.400.jpg,,,yes,6/8
8908002506969,BAT Shamim  Dates,"BAT, Bait Al Tamur","Dried fruits, Dates, Dry fruit",400g,,,,Iranian Wet Dates,unknown,,https://images.openfoodfacts.org/images/products/890/800/250/6969/front_en.4.400.jpg,,,yes,5/8
8906010450021,Budhani Bros Potato Wafers,Budhani Bros,"Crisps, Chips, Plain salted Chips",,,Green Dot India,,"Potatoes, Refined Palmolien Oil, Edible Peanut Oil, Iodized Salt.",e,3,https://images.openfoodfacts.org/images/products/890/601/045/0021/front_en.4.400.jpg,,,yes,5/8
8886467124723,Pringles sour cream 40g,,Stacked extruded potato crisps,,,,,,e,,https://images.openfoodfacts.org/images/products/888/646/712/4723/front_en.3.400.jpg,,,yes,2/8
8906009502120,Chitale Shrikand,Chitale,Desserts,500 g,,Green Dot India,,,e,,https://images.openfoodfacts.org/images/products/890/600/950/2120/front_en.6.400.jpg,,,yes,5/8
3948764011252,CocaCola,Coca Cola,"Colas, Sweetened beverages",,,,,,e,,https://images.openfoodfacts.org/images/products/394/876/401/1252/front_en.10.400.jpg,,,yes,3/8
8901071706834,HERSHEY'S SYRUP 623g,Hershey's,Simple syrups,623 g,Bottle,Vegetarian,"India, Madhya Pradesh","Sugar, water, invert sugar, liquid glucose, cocoa solids (5%), malt extract, thickening agent (415), preservative (202) and salt,",d,4,https://images.openfoodfacts.org/images/products/890/107/170/6834/front_en.23.400.jpg,,,yes,8/8
8901512144805,Peanut butter,Sundrop,"Nut butters, Peanut butters",924,,,,"Roasted Peanuts (92.3%), Sugar, Hydrogenated Vegetable Fat, Refined Edible Groundnut Oil (TBHQ), lodized Salt Contains Nuts. 20",c,,https://images.openfoodfacts.org/images/products/890/151/214/4805/front_en.13.400.jpg,,,yes,5/8
8901262150064,Amul Taaza 1ltr,Amul,"Toned milks, Whole milks",1L,,No preservatives,,Milk,c,1,https://images.openfoodfacts.org/images/products/890/126/215/0064/front_en.37.400.jpg,,,yes,6/8
8902080404094,Mango Slice,PepsiCo,Sweetened beverages,600ml,,,,"CREDIENTS: WATER, SUGAR, *CONCENTRATED MANGO PULP & NIPHONSO MANGO PULP (14% MANGO PULP), ACIDITY REGULATOR (330), STABILIZERS (466, 440), FLAVOUR(NATURAL AND NATURE IDENTICAL FLAVOURING SUBSTANCES), PRESERVATIVE/202), COLOUR(110) 14% MANGO PULP IN RECONSTITUTED BEVERAGE",e,4,https://images.openfoodfacts.org/images/products/890/208/040/4094/front_en.28.400.jpg,,,yes,5/8
8901491435109,Potato chips (Spicy Treat flavour)20rs,Uncle Chipps,Potato crisps,52 g,Plastic,Vegetarian,India,"Potato, Edible Vegetable Oil (Palmolein), *Seasoning (Sugar, lodised Salt, ~Spices and Condiments, Acidity Regulators (330, 334, 296), Maltodextrin, Edible Starch, Salt Substitute (Potassium Chloride), Milk Solids, Anticaking Agents (551, 470), Flavour Enhancers (631, 627), Color (150d), Flavour (Natural and Nature Identical Flavouring Substances), Modified Starch (1450)).  *As flavouring agent. ~Contains Onion  ALLERGEN ADVICE: Contains Milk",e,4,https://images.openfoodfacts.org/images/products/890/149/143/5109/front_en.18.400.jpg,,,yes,8/8
8902579103170,Frooti,"Frooti, Parle Agro","Fruit juices, Sweetened beverages, Ready to serve fruit drink",600 ml,Bottle,Green Dot India,"Medak, Mysore, Patalganga, Sriperumbudur","WATER, SUGAR, MANGO PULP (11.2%), ACIDITY REGULATORS [INS 330, INS 331 (iii)], NATURE - IDENTICAL FLAVOURING SUBSTANCES (MANGO), STABILIZERS (INS 466, INS 415), PRESERVATIVE (INS 211), ANTIOXIDANT (INS 300), FOOD COLOUR (INS 110) AND ANTIFOAMING AGENT (INS 900a). (INS-INTERNATIONAL NUMBERING SYSTEM).",e,4,https://images.openfoodfacts.org/images/products/890/257/910/3170/front_en.69.400.jpg,,,yes,8/8
8886467122446,Pringles - South African Style Periperi Flavour,Pringles,Stacked extruded potato crisps,,,No artificial colors,,"Dried Potato (44%), Edible Vegetable Oil (Palm Oil), Corn Flour, Starch, Peri Peri Seasoning (6.5%) [Maltodextrin, Salt, Sugar, Flavouring Substances (Natural & Nature Identical), Vegetable Powder (5%) (Garlic), Vinegar, Spices (Red Chilli Pepper (3%), Cumin), Acidity Regulator (INS 296), Flavour Enhancer (INS 635), Anticaking Agents (INS 341(iii), 551), Spice Extracts (0.6%) (Green Chilli, Garlic, Paprika), Herb Extract (Oregano)], Emulsifier (INS 471), Maltodextrin, Acidity",e,4,https://images.openfoodfacts.org/images/products/888/646/712/2446/front_en.18.400.jpg,,,yes,5/8
8901725013684,Madangle Achari Masti,ITC,"Crisps, Namkeen",66 gm,,,,"RICE GRITS, SEASONING {REFINED PALMOLEIN, SUGAR, SPICES AND CONDIMENTS, IODIZED SALT, NATURE IDENTICAL FLAVOURING SUBSTANCES, HYDROLYZED VEGETABLE PROTEIN AND NATURAL FLAVOURS AND NATURAL FLAVOURING SUBSTANCES), REFINED PALMOLEIN, DEGERMED CORN GRITS AND BENGAL GRAM GRITS. &quot;USED AS FLAVOURING AGENTS.",e,4,https://images.openfoodfacts.org/images/products/890/172/501/3684/front_en.3.400.jpg,,,yes,5/8
0941458000290,2-minute Noodles,Maggi,Instant noodles,,,,,"refined wheat flour, palm oil, iodised salt, wheat gluten, potassium chloride, guar gum, potassium carbonate, sodium bicarbonate, sodium tripolyphosphate, onion powder, coriander powder, turmeric powder, red chili powder, garlic powder, cumin powder, aniseed powder, ginger powder, fenugreek powder, black pepper powder, clove powder, green cardamom powder, nutmeg powder, hydrolysed groundnut protein, sugar, palm oil, starch, iodised salt, potassium chloride, disodium ribonucleotides, toasted onion flakes, acidity regulator, citric acid, caramel color, mineral, wheat gluten",unknown,4,https://images.openfoodfacts.org/images/products/094/145/800/0290/front_en.3.400.jpg,,,yes,4/8
8902579001599,Frooti,,Sweetened beverages,,,,,"WATER, SUGAR, MANGO PULP (11.2%), ACIDITY REGULATORS (INS 330, INS 331(iii)], STABILIZER (INS 466) NATURE-IDENTICAL FLAVOURING SUBSTANCES (MANGO), PRESERVATIVE (INS 211), ANTIOXIDANT (INS 300) AND FOOD COLOUR (INS 110).",e,4,https://images.openfoodfacts.org/images/products/890/257/900/1599/front_en.9.400.jpg,,,yes,3/8
8902080364060,Mountain dew,Pepsi,Waters,1l,,,,,unknown,1,https://images.openfoodfacts.org/images/products/890/208/036/4060/front_en.3.400.jpg,,,yes,4/8
8901058007220,Maggie masala magic,Maggi,Masalas,,,,,"Wo MI For the KRIDIENTS: Mixed spices, (35.3%) M Rossed Spice powder (17.5%) (Cumin, oriander, Turmeric, Aniseed, Black epper, Fenugreek, Ginger, Clove, Green ardamom powder, Nutmeg), Red chilli owder, Dehydrated onion, Dried garlic, US apsicum extract, Coriander extract, umin extract), lodized salt, Sugar, arch, Flavour enhancer (635), Thickener 08), Palm oil, Acidity regulator (330), atural flavouring substance, Mineral, c) i olour (150d) B) G) D) H)",e,4,https://images.openfoodfacts.org/images/products/890/105/800/7220/front_en.11.400.jpg,,,yes,4/8
8904004405415,Haldiram's Soan Papdi (indian Sweets),Haldiram's,"Pastries, Candies, Indian sweets",,,,,"Refined Sugar, Refined Wheat Flour (Maida), Refined Palmolein Oil, Bengal Gram Flour (Besan), Hydrogenated Vegetable Oil (Vanaspati), Liquid Glucose, Cardamom, Almond & Pistachio Nuts. Allergen: Contains Almonds, Pistachios & Wheat May Contains Coconut, Cashew, Milk, Soy, Peanut & Sesame Seed.",e,4,https://images.openfoodfacts.org/images/products/890/400/440/5415/front_en.11.400.jpg,,,yes,4/8
8906017290125,Vedica,Bisleri,Natural mineral waters,1L,Bottle,,,,a,1,https://images.openfoodfacts.org/images/products/890/601/729/0125/front_en.7.400.jpg,,,yes,5/8
8901262173490,Vanilla ice cream,Amul,Ice cream in a box,,,,,"Milk solids, sugar, emulsifier (471) and stabilizers (407, 466, 415, 412), artificial flavouring substances (vanilla)",d,4,https://images.openfoodfacts.org/images/products/890/126/217/3490/front_en.3.400.jpg,,,yes,4/8
8904071700024,Salt-n-Pepper Banana Chips,Chheda's,"Crisps, Nuts, Dried bananas, Banana chip",150g,,,,"INGREDIENTS: Banana (60%), Vegetable Oil (Palmolein), Spices (Black Pepper Powder, Coriander Powder, Salt, Mango Powder). INGRÉDIENTS: Banane (60%), huile végétale (palmoléine), épices (poudre de poivre noir,poudre de coriandre, sel, poudre de mangue). مكونات موز (٦٠٪) ، زيت نباتي (نخيل)، بهارات مسحوق) فلفل أسود، مسحوق الكزبرة، الملح، مسحوق المانجو). Allergy Advice: This product is packed in a factory that handles peanuts, nuts, milk, wheat, sesame, soya and mustard. INDIA",e,,https://images.openfoodfacts.org/images/products/890/407/170/0024/front_en.17.400.jpg,,,yes,5/8
8908005144618,Yoga Bar Super Muesli 0% Added Sugar,Yoga Bar,Mueslis,400g,,,,"Whole Grains 50% (Rolled Oats, Brown Rice Flakes, Jowar Flakes), Seeds 24% (Pumpkin, Sesame, Watermelon, Chia, Flax), Natural Plant Based Dietary Fibre (Fructo-oligo Saccharides), Almonds 8%, Whole Milk Powder, Rice Bran Oil, Probiotics (Bacillus coagulans SNZ1969*). *500 million cfu per serving  CONTAINS ADDED NATURAL FLAVOUR (ROSEMARY EXTRACT, CARAMEL)",a,3,https://images.openfoodfacts.org/images/products/890/800/514/4618/front_en.4.400.jpg,,,yes,5/8
8901499010483,Kelloggs Muesli,Kellogg's,"Cereal flakes, Mueslis with fruits",240g,Plastic,,maharastra,"Multigrain (66.4%) ,Wheat (24.6%),Corn Grits (15.7%), Rice(10.1%), Rolled Barley (8%), Rolled Oats (8%) ,Candied & Nuts & Dry Fruits & Seed(21%) {Candied Papaya (6%),Candied Cranberry(4%),Raisins(4%),Almonds(4%),Pumpkin Seeds(3%)},Sugar,Cereal Extract,Wheat Bran,Iodized Salt,Vitamins & Minerals,Anti Oxidants(INS 320,INS 307b)",c,3,https://images.openfoodfacts.org/images/products/890/149/901/0483/front_en.24.400.jpg,,,yes,7/8
8904004401066,Khatta Meetha,Haldiram's,"Flours, Processed, Sago and Rice Flake snacks",23g,,Green Dot India,,"Edible Vegetable Oil (Palmolein, Cotton Seed), Rice Flakes (22%), Bengal Gram Flour (Besan) (21%), Refined Sugar, Split Pulse Bengal Gram (Chana Dal) (7%), Groundnuts (Peanuts) (5%), Sago (4%), Red Lentils (Masur Whole) (2.5%), Green Peas, Rice Flour, Tapioca Starch, lodised Salt, Black Salt, Turmeric, Acidity Regulator (INS 330), Red Chilli, Ajwain, Raising Agent (INS 500 ii) & Asafoetida. 22000 Cert ALDIRAM S c. No. 10724 details scan 15:18",e,3,https://images.openfoodfacts.org/images/products/890/400/440/1066/front_en.6.400.jpg,,,yes,6/8
8906127550850,High protein super oats chocolate,Alpino,"Mueslis, Rolled oats",1 kg,,"No gluten, No preservatives, No added sugar",,"Rolled Oats (61%), Unsweetened Peanut Butter (26%), Alpino Supernatural (TM) Peanut Protein, Cocoa Powder, Nuts & Seed Mix (Chia Seeds, Almonds, Raisins, Sunflower Seeds), Monk Fruit Extract",a,4,https://images.openfoodfacts.org/images/products/890/612/755/0850/front_en.27.400.jpg,,,yes,6/8
8906026900022,sugar,madhur,Sugars,1 kg,Plastic,,,sugar,e,2,https://images.openfoodfacts.org/images/products/890/602/690/0022/front_en.4.400.jpg,,,yes,6/8
8904004402834,Panchathanthra mix,Haldiram's,B,,,,,,c,,https://images.openfoodfacts.org/images/products/890/400/440/2834/front_en.6.400.jpg,,,yes,3/8
8908009059185,Zero Maida Whole Wheat Bread,The Health Factory,"Bread loaves, Whole wheat bread",350g,,"Green Dot India, Clean Label Promise",,"Fresh Whole Wheat Flour, Yeast, Wheat Gluten, Rice Bran Oil, Cane Sugar, Iodised Salt, Cultured Wheat Flour, Cultured Sweet Potato, Cultured Glucose",a,4,https://images.openfoodfacts.org/images/products/890/800/905/9185/front_en.37.400.jpg,,,yes,6/8
8903754000086,Tata Copper+,Tata,Waters,,,Green Dot India,,"Drinking Water, Copper Sulphate (0.00041%), Iodized Salt.",b,3,https://images.openfoodfacts.org/images/products/890/375/400/0086/front_en.3.400.jpg,,,yes,5/8
8906009079165,Unibic Choco Chip Cookies,Unibic,Chocolate chip cookies,100 g,,"Green Dot India, No cholesterol",,"Refined Wheat Flour (Maida), Chocolate Chips (21%) [Sugar, Cocoa Solids, Cocoa Butter, Dextrose, Emulsifiers (INS 322 from Soy, INS 476)], Sugar, Edible Vegetable Oil (Palm), Desiccated Coconut, Butter, Milk Solids, Leavening Agents (INS 503 i INS 500 i), Emulsifier (INS 322 from Soy), lodised Salt, Artificial Flavouring Substance (Vanillin). Allergen Advice: Contains Wheat, Milk and Soy. May contain traces of Nut.",e,4,https://images.openfoodfacts.org/images/products/890/600/907/9165/front_en.3.400.jpg,,,yes,6/8
8901648002444,Mother Dairy Probiotic Tadka Chach,Mother Dairy,"Butter-milk, Probiotic drink",270ml,,Green Dot India,,"Water, Milk, Milk Solids, lodized Salt, Spice Oleoresin (0.05%) (Capsaicin, Gingerol, Cuminaldehyde), Seasonings, Black Salt, Active Lactic Culture with probiotics Bifidobacterium animalis subsp. lactis (Viable no. 10° cfu/serving size/day).",c,,https://images.openfoodfacts.org/images/products/890/164/800/2444/front_en.3.400.jpg,,,yes,6/8
8901725015015,8901725015015,Sunfeast,Biscuits,242g,,,,"REFINED WHEAT FLOUR (MAIDA), MILK CHOCO COVERING (22.9%) (SUGAR, INTERESTERIFIED VEGETABLE FAT, MILK SOLIDS (2.75%), COCOA SOLIDE (1.37%), HYDROGENATED VEGETABLE OILS, ARTIFICIAL FLAVOURING SUBSTANCES (VANILLA)), SUGAR, LIQUID GLUCOSE, REFINED PALMOLEIN, HUMECTANT (INS 422) INVERT SYRUP, CAKE GEL (EMULSIFIERS [MONO - AND DI-GLYCERIDES OF FATTY ACIDS (FROM PALM OIL), SALTS OF MYRISTIC, PALMITIC AND STEARIC ACIDS WITH AMMONIA CALCIUM, POTASSIUM AND SODIUM (FROM PALM OIL), PROPYLENE GLYCOL ESTERS OF FATTY ACIDS (FROM PALM OIL)], HUMECTANT (INS 422)), MILK SOLIDS (1.61%), RAISING AGENTS [INS 500(ii), INS 450(1), INS 450 (vi), INS 503)], EMULSIFIERS (POLYGLYCEROL ESTERS OF FATTY ACID (FROM PALM OIL), LECITHIN (FROM SOYABEAN). STABILIZERS (INS 407, INS 415), ACIDITY REGULATOR (INS 330), PRESERVATIVE (INS 202), HYDROLYSED VEGETABLE PROTEIN, NATURE IDENTICAL FLAVOURING SUBSTANCES, IODIZED SALT, FLOUR TREATMENT AGENT (INS 223) AND COLOUR (INS 102). CONTAINS WHEAT, MILK, SOY, SULPHITE. MAY CONTAIN NUT",e,4,https://images.openfoodfacts.org/images/products/890/172/501/5015/front_en.3.400.jpg,,,yes,5/8
8906017291337,8906017291337,bislery,Mineral waters,,,,,,a,1,https://images.openfoodfacts.org/images/products/890/601/729/1337/front_en.9.400.jpg,,,yes,3/8
8903241110038,Mango Pickle,Pravin,Pickles,,,,,,e,,,,,no,3/8
8904071701229,Soy snack,,,,,,,,unknown,,https://images.openfoodfacts.org/images/products/890/407/170/1229/front_en.3.400.jpg,,,yes,1/8
8906151420235,Laxminarayan mix farsan,1,,,,,,,unknown,,https://images.openfoodfacts.org/images/products/890/615/142/0235/front_en.3.400.jpg,,,yes,2/8
8901725005924,sunfeast yippee,Sunfeast,Instant noodles,280,,,,,unknown,,https://images.openfoodfacts.org/images/products/890/172/500/5924/front_en.3.400.jpg,,,yes,4/8
8901719135767,Parle-G ROYALE,Parle,Dry biscuits,4 Biscuits and 48g,,,,"REFINED WHEAT FLOUR (MAIDA) (61%), SUGAR REFINED PALM OIL, INVERT SUGAR SYRUP* [SUGAR, CITRIC ACID], RAISING AGENTS [503(ii), 500(ii)], MILK SOLIDS, IODISED SALT, EMULSIFIER OF VEGETABLE ORIGIN [472e] AND FLOUR TREATMENT AGENT [1101(ii)] CONTAINS ADDED FLAVOUR (ARTIFICIAL FLAVOURING SUBSTANCES-VANILLA) (D-GLUCOSE, LEVULOSE) CONTAINS: WHEAT, MILK",e,4,https://images.openfoodfacts.org/images/products/890/171/913/5767/front_en.20.400.jpg,,,yes,5/8
8909081005053,8909081005053,dark fantasy,Biscuit (cookie) snack w chocolate filling,471.5g,,,,"CHOCO CRÈME (38.0%) {SUGAR, REFINED PALMOLEIN, REFINED PALM OIL, COCOA SOLIDS, EMULSIFIER [LECITHIN (FROM SOYABEAN)], NATURE IDENTICAL FLAVOURING SUBSTANCES (CHOCOLATE), ARTIFICIAL FLAVOURING SUBSTANCES (VANILLA)}, MAIDA (REFINED WHEAT FLOUR), HYDROGENATED VEGETABLE OIL, SUGAR, INVERT SYRUP, LIQUID GLUCOSE, RAISING AGENTS [503(ii), 500(ii), 450(i)], COCOA SOLIDS (0.7%), BUTTER, MILK SOLIDS, IODIZED SALT, NATURE IDENTICAL FLAVOURING SUBSTANCES (*MILK CHOCOLATE), COLOURS (150c, 150d), EMULSIFIERS PKD.: [LECITHIN (FROM SOYABEAN), MONO AND DIGLYCERIDES OF FATTY ACIDS (FROM PALM OIL)], ARTIFICIAL FLAVOURING SUBSTANCES (MILK, VANILLA)",e,4,https://images.openfoodfacts.org/images/products/890/908/100/5053/front_en.4.400.jpg,,,yes,5/8
89080672,Masala ae magic,"Maggi, Neslé, Neslé india",Masalas,6g,,Green Dot India,,"Mixed spices (35.3%) (Roasted spice powder (17.5%) (Cumin, Coriander, Turmeric, Aniseed, Black pepper, Fenugreek, Ginger, Clove, Green cardamom powder, Nutmeg), Red chilli powder, Dehydrated onion, Dried garlic, Capsicum extract, Coriander extract, Cumin extract), lodized salt, Sugar, Starch, Flavour enhancer (635), Thickener (508), Palm oil, Acidity regulator (330), Natural flavouring substance, Mineral, Colour (150d) and Vitamin. May Contain Wheat, Milk, Mustard and Soy.",not-applicable,4,https://images.openfoodfacts.org/images/products/000/008/908/0672/front_en.16.400.jpg,,,yes,6/8
89080146,Nescafe classic,,"Coffees, Instant coffees",,,,,,unknown,,https://images.openfoodfacts.org/images/products/000/008/908/0146/front_en.8.400.jpg,,,yes,2/8
8901719135323,parle krackjack,Parle,Biscuits,,,,,,unknown,,https://images.openfoodfacts.org/images/products/890/171/913/5323/front_en.19.400.jpg,,,yes,3/8
8901058010749,Maggie,"Fassi, Fssai, Maggie","Confectioneries, Maggie",280 gram,,,,"Maida ,palm oil ,lodized salt,wheat gluten,thikeners, avidity regulator humectant",e,4,https://images.openfoodfacts.org/images/products/890/105/801/0749/front_en.11.400.jpg,,,yes,5/8
8901063367180,Brit 50 50 maska chaska 100g,,Biscuits,,,,,,unknown,,https://images.openfoodfacts.org/images/products/890/106/336/7180/front_en.7.400.jpg,,,yes,2/8
8909106052185,Classic Malt,Horlicks,Beverage preparations,15g,,Green Dot India,,"Malt (66.7%) [Barley (32%), Wheat Flour (Atta), wwear (4%), Millet], Milk Solids (14%), Sugar, Wheat Gluten, Minerals, Edible lodized Salt, Soy Protein Isolate, Acidity Regulators [INS 501(ii), INS 500(ii)], Vitamins. Allergen Information: Contains Wheat, Barley, Milk & Soy.",unknown,4,https://images.openfoodfacts.org/images/products/890/910/605/2185/front_en.3.400.jpg,,,yes,6/8
8902346050560,Enerzal Orange Flavour,"Enerzal, FDC",Energy drink without sugar and with artificial sweeteners,75 g,,Green Dot India,,"Sucrose (69%), Glucose (21%), Acidity Regulators (INS 330, INS 331(i), INS 339(i)), Nature Identical Flavouring Substance (Orange flavour), Sodium Chloride, Potassium Chloride, Magnesium Sulphate, Calcium Lactate",e,4,https://images.openfoodfacts.org/images/products/890/234/605/0560/front_en.5.400.jpg,,,yes,6/8
18111286,18111286,,Chocolates,,,,,,unknown,,https://images.openfoodfacts.org/images/products/000/001/811/1286/front_en.3.400.jpg,,,yes,2/8
7622202334115,Fuse chocolate 21g,,,,,,,,unknown,,https://images.openfoodfacts.org/images/products/762/220/233/4115/front_en.7.400.jpg,,,yes,1/8
8901262010023,Amul pasteurised butter,Amul,"Cheeses, Butters",250,,,,"Butter,iodized salt, natural colour (annatto) Allergen information:contains milk",e,4,https://images.openfoodfacts.org/images/products/890/126/201/0023/front_en.7.400.jpg,,,yes,5/8
8901063162549,Marie gold,Britannia,Biscuits,,,,,,unknown,,https://images.openfoodfacts.org/images/products/890/106/316/2549/front_en.3.400.jpg,,,yes,3/8
8901071211161,COCOA POWDER MEDIUM FAT COCOA POWDER,HERSHEY'S,"Cocoa powders, Powder",225 g,Plastic container,High in dietary fibres,"195, Gujrat, Rajkot highway, Surendranagar, makson pharmaceuticals Pvt LTD",100% cacao,unknown,1,https://images.openfoodfacts.org/images/products/890/107/121/1161/front_en.20.400.jpg,,,yes,8/8
8901491503044,Lays,Lay's,Potato crisps,,,,,,unknown,,https://images.openfoodfacts.org/images/products/890/149/150/3044/front_en.3.400.jpg,,,yes,3/8
8901063139336,Britannia bourbon 100g,Britannia,Biscuits,100g,,,,"REFINED WHEAT FLOUR (MAIDA), SUGAR (33%), REFINED PALM OIL, EDIBLE MAIZE STARCH, COLOURS (150a, 150d, 122, 110,133&102), COCOA SOLIDS (2.7%), MILK SOLIDS, RAISING AGENTS [500(ii)&503(ii)], NATURE IDENTICAL&ARTIFICIAL (VANILLA, CHOCOLATE MILK&MILKY COCOA) SUBSTANCES, FLAVOURING EMULSIFIERS [471 & 322(1)], MILK CHOCOLATE (0.1%) [EMULSIFIER (322(1))) AND IODISED SALT. (Numbers in brackets as per International Numbering System) CONTAINS WHEAT, MILK AND SOYA.",e,4,https://images.openfoodfacts.org/images/products/890/106/313/9336/front_en.3.400.jpg,,,yes,5/8
8901058000252,8901058000252,Maggi,Food,420,,,,,e,,https://images.openfoodfacts.org/images/products/890/105/800/0252/front_en.4.400.jpg,,,yes,4/8
8906002006243,Peanut Butter Crunchy,Dr. Oetker FUNFOODS,"Nut butters, Peanut butters",400g,Plastic,,Rajasthan,"Roasted Peanuts (91%),Sugar, Edible Vegetable Fat (Soyabean), lodised Salt.",c,3,https://images.openfoodfacts.org/images/products/890/600/200/6243/front_en.4.400.jpg,,,yes,7/8
8901764042805,Thums Up,Coca-Cola,"Colas, Sweetened beverages",1.25 l,,Green Dot India,,"CARBONATED WATER, SUGAR, ACIDITY REGULATOR (338), CAFFEINE (81 mg/100 g), SWEETENER (960), COLOUR (150 d), FLAVOURS (NATURAL, NATURE-IDENTICAL & ARTIFICIAL (COLA) FLAVORING SUBSTANCES)",e,4,https://images.openfoodfacts.org/images/products/890/176/404/2805/front_en.26.400.jpg,,,yes,6/8
0015000047757,Yogurt blends snack,Gerber,,14 oz,,No preservatives,,,unknown,,https://images.openfoodfacts.org/images/products/001/500/004/7757/front_en.16.400.jpg,,,yes,4/8
8901063142466,Nutri Choice Digestive,Britannia,Biscuits,50 g,Plastic,,Maharashtra,"Refined wheat flour (maida), wheat flour(atta) (20%),refined palm oil, sugar, wheat bran(4.7%),Liquid glucose, milk solids, maltodextrin ,raising agents[503(ii)&500(ii)], IODISED salt ,emulsifiers[32(i),471&472e],malt extract and dough conditioner(233).contains added flavours [nature identical & artificial (vanillin) flavouring substances]",unknown,4,https://images.openfoodfacts.org/images/products/890/106/314/2466/front_en.50.400.jpg,,,yes,7/8
8901207005374,Honey,Dabur,Honeys,100,,,,,d,2,https://images.openfoodfacts.org/images/products/890/120/700/5374/front_fr.3.400.jpg,,,yes,4/8
8901393019452,Happydent Gum,Happydent,Sugar-free chewing gum,30.6,,Green Dot India,,"Polyols (Maltitol, Xylitol (7%), Sorbitol), Gum Base, Humectant (INS 422), Thickeners (INS 1405, INS 1412, INS 415 & INS 466), Flavours [Natural, Nature-Identical and Artificial (Mint) Flavouring Substances}, Sweetener (INS 951), Emulsifiers (INS 322, INS 473), Glazing Agents (INS 903, INS 901, INS 904), Antioxidant (INS 321), Colours (INS 102, INS 133)",not-applicable,4,https://images.openfoodfacts.org/images/products/890/139/301/9452/front_en.16.400.jpg,,,yes,6/8
8901058003017,Pazzta Masala Penne,Maggi,"Pastas, Instant pasta",69.5 g,,"Green Dot, Green Dot India",,"Semolina (Wheat) (100%). MASALA #TASTEMAKER® ● Creative visualization. Refer pack for more details Mixed spices (21.7%) (Dehydrated onion, Toasted onion flakes, Coriander powder, Roasted garlic flake Aniseed powder, Turmeric powder, Dehydrated coriander leaves, Cumin powder, Garlic powder, Red chilli powder, Black pepper powder, Fenugreek powder, Ginger powder, Capsicum extract, Clove powde Green cardamom powder, Nutmeg powder, Coriander extract and Cumin extract), Milk solids, Sugar lodized salt, Starch, Dehydrated Green peas (67%), Flavour enhancer (635), Palm oil, Yeast extract powder, Thickener (508), Colour (150d) and Acidity regulator (330). Contains Wheat & Milk. May contains Mustard & Soy.",c,4,https://images.openfoodfacts.org/images/products/890/105/800/3017/front_en.24.400.jpg,,,yes,6/8
8908008674808,Wafer,Nabati,"Chocolate biscuits, Stuffed wafers",28 g,,Green Dot India,,"Cream (Sugar, Refined Palm Olein, Whey Powder, Cocoa Powder (Cocoa Solids (3.6%)), Corn Starch, Emulsifier (INS 322), lodized Salt, Acidity Regulator (INS 330)). Wafer Sheet (Refined Wheat Flour (Maida), Cocoa Powder (Cocoa Solids (2.4%)), Refined Palm Olein, Flour Treatment Agent (INS 1101 (i))), lodized Salt, Raising Agent (INS 500(ii)), Emulsifier (INS 322)). Numbers in the bracket as per international numbering system Allergen:contains wheat, milk, and soya.",e,4,https://images.openfoodfacts.org/images/products/890/800/867/4808/front_en.16.400.jpg,,,yes,6/8
8901063004139,Britannia Good day Chocolate Cookies 400g,Britannia,"Chocolate biscuits, Candy chocolate bars filled with biscuit",,,,,"REFINED WHEAT FLOUR (MAIDA), SUGAR, REFINED PALM OIL, DARK CHOCOLATE CHIPS (13%) SUGAR COCOA SOLIDS, COCOA BUTTER, DEXTROSE, EMULSIFIER [322(i)] AND NATURE IDENTICAL FLAVOURING SUBSTANCES, DAK CHOCOCHIPS (5.8%) [SUGAR, HYDROGENATED VEGETABLE FAT, COCOA SOLIDS, DEXTROSE, EMULSIFIER [22] A NATURE IDENTICAL FLAVOURING SUBSTANCES], MILK CHOCOCHIPS (5.8%) [SUGAR, HYDROGENATED VEGETABLE FAT, MIK SOLIDS, COCOA SOLIDS, EMULSIFIER [322(i)] AND NATURAL FLAVOURING SUBSTANCES], INVERT SUGAR SYRUP, W SOLIDS, RAISING AGENTS [503 (ii), 500(ii)], COCOA SOLIDS (0.4%), IODISED SALT, EMULSIFIERS [322(i), 471 & 472 COLOUR (150c) AND NATURE IDENTICAL & ARTIFICIAL (MILKY COCOA AND VANILLIN) FLAVOURING SUBSTANCES.",e,4,https://images.openfoodfacts.org/images/products/890/106/300/4139/front_en.15.400.jpg,,,yes,4/8
8901595862825,Red chilli sauce,Ching's,Sauces,90,,Green Dot India,,"Water, Sugar, Red Chilli (6%), Garlic, Ginger, lodised Salt, Thickener (INS 1422), Acidity Regulators (INS 260, INS 330), Emulsifying and Stabilizing Agent (INS 415), Preservative (INS 211). Allergen Advice: May contain: Wheat, Nuts, Sesame seeds, Soy, Mustard and Milk.",e,4,https://images.openfoodfacts.org/images/products/890/159/586/2825/front_en.7.400.jpg,,,yes,6/8
8904083302292,Greek Yogurt,Milky Mist,Greek-style yogurts,100g,,"Green Dot India, No added sugar",,"Pasteurised double toned milk, Milk Solids, Active Lactic Cultures (L.bacillus delbrueckii subsp. bulgaricus, S.thermophilus),",a,,https://images.openfoodfacts.org/images/products/890/408/330/2292/front_en.31.400.jpg,,,yes,6/8
8901030922770,For PKD. Use By & Batch No. (see side seal),,,,,,,,unknown,,https://images.openfoodfacts.org/images/products/890/103/092/2770/front_en.12.400.jpg,,,yes,1/8
8902579002497,SMOODH CHOCLATE FLAVORED MILK,"Parle, SMOODH",Dairy drinks,150 ML,,Green Dot India,,"WATER, DOUBLE TONED MILK (40%), SUGAR, WHEY POWDER, MILK SOLIDS, COCOA SOLIDS (1%), MALT EXTRACT, EMULSIFIERS AND STABILIZERS [INS 460(1), INS 471, INS 466, INS 407. INS 340, INS 452], NATURE IDENTICAL FLAVOURING SUBSTANCE (CHOCOLATE) AND IODISED SALT.",e,4,https://images.openfoodfacts.org/images/products/890/257/900/2497/front_en.3.400.jpg,,,yes,6/8
8901063032446,Britannia Treat croissant coco cream bauli,Britannia,"Chocolate croissant, Croissants",45g,,,,"Serving size - 48.5 g, 1 serving,  Per 100 g - energy - 451 kcal, protein - 6.3g, carbohydrates - 51.1g, of which total sugar - 20.3g, added sugar - 19.6g, total fat - 24.6g,",unknown,,https://images.openfoodfacts.org/images/products/890/106/303/2446/front_en.25.400.jpg,,,yes,5/8
8901764022906,fanta,Fanta,Beverages,2.25 L,,Green Dot India,,,unknown,,https://images.openfoodfacts.org/images/products/890/176/402/2906/front_en.10.400.jpg,,,yes,5/8
8901071701372,Hershey's spreads,hershey's,"Sweet spreads, Confectioneries",350 g,Plastic,,India,"Sugar, Edible vegetable oil (palm oil), Milk solids, Cocoa solids (4.7%), Älmond paste (3.0%), Antioxidant 3220, Hydrogenated vegetable fat (palm oil & sesame oil) and Edible common salt. Carbohy (of whic Protein Fat",e,4,https://images.openfoodfacts.org/images/products/890/107/170/1372/front_en.4.400.jpg,,,yes,7/8
8901595971244,Ching's Hot and sour,,Soups,12,,Green Dot India,,,e,,https://images.openfoodfacts.org/images/products/890/159/597/1244/front_en.12.400.jpg,,,yes,4/8
8902080404179,Slice,,,,,,,,unknown,,https://images.openfoodfacts.org/images/products/890/208/040/4179/front_en.3.400.jpg,,,yes,1/8
8906009531533,Choco Classic Bar,Max Protein,Protein Energy Bars,50 g,,Green Dot India,,"Protein Blend (29%) (Soy Nuggets, Whey Protein Concentrate, Soy Concentrate), Brown Rice Syrup (Liquid Glucose), Milk Compound (19%) (Sugar, Edible Vegetable Oil (Hydrogenated Vegetable Oil), Milk Solids, Cocoa Solids, Emulsifier (Soy Lecithin), Vanilla Flavours), Dietary Fiber (9%) (Fructooligosaccharide, Chicory Root Fiber), Edible Vegetable Oil (Hydrogenated Vegetable Oil), Almonds (5.5%), Whole Grain Rolled Oats (4.5%), Raisins (4%), Cashew Nut (3%), Humectant (Glycerine), Dextrose Monohydrate, Flaxseeds, Tribasic Calcium Phosphate, Fructose, Soy Protein Isolate, Emulsifier (Soy Lecithin), Binding Agent (Guar Gum), Salt and Citric Acid, Antioxidants (Vitamin C), Added Vitamins and Minerals",not-applicable,4,https://images.openfoodfacts.org/images/products/890/600/953/1533/front_en.7.400.jpg,,,yes,6/8
8902080002771,Tropicana Fruitz,"Tropicana, Pepsico",Fruit juices,500ml,,Green Dot India,,"WATER, SUGAR, CONCENTRATED MIXED FRUIT JUICE 2.5% (FROM APPLE, MANGO, GUAVA, ORANGE BANANA, APRICOT, PEACH) ACIDITY REGULATORS (330, 331(iii)), STABILIZERS (466, 440), FLAVOUR (NATURAL AND NATURE IDENTICAL FLAVOURING SUBSTANCES), PRESERVATIVE (202), COLOUR (160a(i)).",e,4,https://images.openfoodfacts.org/images/products/890/208/000/2771/front_en.3.400.jpg,,,yes,6/8
8901262200622,Amul Masti,Amul,Curd,390 g,,Green Dot India,,"Pasteurised toned milk, milk solids, active culture",b,1,https://images.openfoodfacts.org/images/products/890/126/220/0622/front_en.16.400.jpg,,,yes,6/8
8901058861921,Milky bar,Nestlé,"Chocolate candies, Milk chocolate bar",42 g,"cardboard box,Aluminium",Green Dot India,India,"Milk solids (35%), Sugar, Hydrogenated vegetable fats, Fractionated vegetable fat, Emulsifier (Soya lecithin) and Nature-Identical flavouring substance.",e,4,https://images.openfoodfacts.org/images/products/890/105/886/1921/front_en.3.400.jpg,,,yes,8/8
8904335602392,Daily 10g Protein Bar,Yoga Bar,Protein bars,50g,,"No gluten, No preservatives, Green Dot India",,"Date Paste (33%), Dark Chocolate Paste [(12%) (Sugar, Edible Vegetable Fat, Cocoa Solids, Soy Lecithin & Natural Flavours)], Soy Protein Crisps, Date Syrup, Cocoa Powder, Cashew Paste, Peanut Butter, Texturized Soy Protein Flakes, Milk Protein Concentrate, Almond Paste, Peanut Protein, Cranberry (1.5%), Whey Protein Concentrate, Skim Milk Powder, Choco Chips, Glycerine, Natural Flavours (Vanilla, Rosemary Extract)",not-applicable,4,https://images.openfoodfacts.org/images/products/890/433/560/2392/front_en.19.400.jpg,,,yes,6/8
8904132975408,campa cola,Campa,Colas,500 ml,,Green Dot India,,"CARBONATED WATER, SUGAR, COLOUR (150d), ACIDITY REGULATORS (338, 331 ()), PRESERVATIVE (211), CAFFEINE (9.4 mg/100 ml), NATURAL FLAVOURING SUBSTANCES  MARKETED BY: RELIANCE CONSUMER PRODUCTS LIMITED,  FLOOR-4, PLOT 298/302, COURT HOUSE, LOKMANYA TILAK MARG, KALBADEVI, GREATER MUMBAI, MAHARASHTRA-400002",d,4,https://images.openfoodfacts.org/images/products/890/413/297/5408/front_en.14.400.jpg,,,yes,6/8
8908000794054,Pasteurised Cow Milk,Gokul,Dairies,,,,,Milk Solids,b,1,https://images.openfoodfacts.org/images/products/890/800/079/4054/front_en.3.400.jpg,,,yes,4/8
8904071702349,Mix Farsan,,Appetizers,500 g,,,,"Gram Flour, Palm Oil, Bengal Gram, Edible Starch, Red Chilli Powder, Bishops Weed, Curry Leaves, Salt.",d,3,https://images.openfoodfacts.org/images/products/890/407/170/2349/front_en.4.400.jpg,,,yes,4/8
8904335601869,Yoga bar 23G protein muesli + choco almond + cranberry,Yoga bar,Mueslis,,,,,"Whole Grains 48% (Rolled Oats, Brown Rice Flakes, Quinoa Flakes), Protein Blend (Soy and Whey Protein Isolate), Dehydrated Fruits, Nuts and Seeds 17% (Dates, Cranberry, Raisins, Almonds, Pumpkin and Chia Seeds), Dark Chocolate (Cocoa, Cocoa Butter, Sugar, Sunflower Lecithin), Jaggery, Rice Bran Oil, Probiotics (Bacillus Coagulans SNZ1969, 150 million CFU Per Serve).Contains Added Natural Flavour: Rosemary Extract and Chocolate.",c,4,https://images.openfoodfacts.org/images/products/890/433/560/1869/front_en.14.400.jpg,,,yes,4/8
8906010503482,Tomato Twist,,Crisps,,,,,,d,,https://images.openfoodfacts.org/images/products/890/601/050/3482/front_en.3.400.jpg,,,yes,2/8
8901595862801,8901595862801,,Green chilli sauce,90 g,,,,,unknown,,https://images.openfoodfacts.org/images/products/890/159/586/2801/front_en.5.400.jpg,,,yes,3/8
8902579002312,Smoodh chocolate hazelnut,,,,,,,,unknown,,https://images.openfoodfacts.org/images/products/890/257/900/2312/front_en.3.400.jpg,,,yes,1/8
8901262202220,Dahi Yogurt,Amul,Curd,,,,,,unknown,,https://images.openfoodfacts.org/images/products/890/126/220/2220/front_en.7.400.jpg,,,yes,3/8
8906010504359,Snack'em Chokdi Masala,Balaji Wafers,,,,Green Dot India,,,unknown,,https://images.openfoodfacts.org/images/products/890/601/050/4359/front_en.3.400.jpg,,,yes,3/8
8901262202244,Tadka Chhach Probiotic Buttermilk,Amul,"Buttermilks, Chaas",300 ml,,Green Dot India,,"Milk solids, water, iodized salt, spices and condiments (0.8%), active culture, probiotic bacterial strain (Bifidobacterium lactis - minimum 10° CFU per mL).",b,3,https://images.openfoodfacts.org/images/products/890/126/220/2244/front_en.3.400.jpg,,,yes,6/8
8901058022087,Munch,Nestlé,Candy chocolate bars,,,,,,e,,https://images.openfoodfacts.org/images/products/890/105/802/2087/front_en.3.400.jpg,,,yes,3/8
8901063362710,CAKE GOBBLES,Britannia,Cakes,,,Brown Triangle India,,"REFINED WHEAT FLOUR (MAIDA), SUGAR, EGG, VANASPATI, INTERESTERIFIED VEGETABLE FAT, HUMECTANT 422, LIQUID GLUCOSE, REFINED PALMOLEIN OIL, DEXTROSE, COCOA SOLIDS (2.1%), FRUCTOOLIGOSACCHARIDES, HIGH MALTOSE SYRUP, COLOURS (150c, 150d, 102, 122, 132, 133], CAKE GEL (EMULSIFIERS (471,477,470(i)) & HUMECTANT (1520, 422), RAISING AGENTS (341), 500), 450(vi) & 450), NATURE IDENTICAL (CHOCOLATE) & ARTIFICIAL (CREAMY VANILLA) FLAVOURING SUBSTANCES, INVERT SUGAR SYRUP, IODIZED SALT, PRESERVATIVES [202, 282], ACIDITY REGULATOR (330), BAKING POWDER, EMULSIFIER (475) AND STABILIZER (415).",e,4,https://images.openfoodfacts.org/images/products/890/106/336/2710/front_en.10.400.jpg,,,yes,5/8
8901063016941,Classic ( Britannia ),Britannia,,,,,,,unknown,,https://images.openfoodfacts.org/images/products/890/106/301/6941/front_en.9.400.jpg,,,yes,2/8
8901719134937,Parle g dark biscuits,Parle,"Biscuits, Parle g biscuit",50 g,,,,"FINED WHEAT FLOUR (MAIDA), SUGAR, REFINED PALM OIL, INVE SUGAR SYRUP, COCOA SOLIDS, IODISED SALT, RAISING AGENT(503(ii), 500(ii)] AND EMULSIFIER OF VEGETABLE ORIGIN [SOY LETHIN). CONTAINS PERTTED NATURAL FOOD COLOURS [1501500) AND ADDED FLAVOURS (NATURE IDENTAL. AND ARTIFICIAL FLAVOURING SUBSTANCES-HOCOLATE, VANILLA) CONTAINS: WHAT AND 07 9017",unknown,4,https://images.openfoodfacts.org/images/products/890/171/913/4937/front_en.6.400.jpg,,,yes,5/8
8902579003470,Smoodh Masala Flavoured Buttermilk,Smoodh,Buttermilks,,,Green Dot India,,"WATER, DOUBLE TONED MILK DAHI (40%) (MILK SOLIDS, STARTER CULTURE), IODISED SALT, STABILIZER (INS 466), NATURE IDENTICAL FLAVOURING SUBSTANCES (MASALA) AND ACIDITY REGULATOR (INS 330).",c,4,https://images.openfoodfacts.org/images/products/890/257/900/3470/front_en.3.400.jpg,,,yes,5/8
8901725016234,Sunfeast Dark Fantasy Bourbon,Sunfeast,Biscuit with a chocolate bar covering,,,Green Dot India,,"MAIDA REFINED WHEN FLOUR), SUGAR (34.0%), REFINED PALM OIL, COS (INS 75 INS 1904, INS 1291, STARCH, COCOA SOLIDS (2.1%), RAISING AGENTS (INS 503(1), IN), 40) ARTIFICIAL FLAVOURING SUBSTANCES (VANILLA, CHOCOLATE), EMULSIFIERS [MONO AND DIGLYCERIDES OF FATTY ACID,  LECITHIN,PLAIN CHOCOLATE (0.1%), IODIZED SALT,",unknown,4,https://images.openfoodfacts.org/images/products/890/172/501/6234/front_en.8.400.jpg,,,yes,5/8
8902579003456,Smoodh Chaas,"Parle Agro, Smoodh",Flavoured buttermilks,180ml,,Green Dot India,,"WATER, DOUBLE TONED MILK DAHI (40%) (MILK SOLIDS, STARTER CULTURE), IODISED SALT, STABILIZER (INS 466), NATURE IDENTICAL FLAVOURING SUBSTANCES (MASALA) AND ACIDITY REGULATOR (INS 330).",unknown,4,https://images.openfoodfacts.org/images/products/890/257/900/3456/front_en.3.400.jpg,,,yes,6/8
8901063012493,Milk Bikis biscuits,Britannia,Biscuits,,,Green Dot India,,,,,https://images.openfoodfacts.org/images/products/890/106/301/2493/front_en.3.400.jpg,,,yes,4/8
8901063155343,Britannia Tiger Crunch ChocoChips,Britannia,Biscuits,,,Green Dot India,,,e,,https://images.openfoodfacts.org/images/products/890/106/315/5343/front_en.3.400.jpg,,,yes,4/8
3948764112270,Zero cocacola,,,,,,,,unknown,,,,,no,1/8
0941458017687,Maggi 70g,Maggi,,70g,,,,,unknown,,https://images.openfoodfacts.org/images/products/094/145/801/7687/front_en.3.400.jpg,,,yes,3/8
8901719125478,Parle-G gold 75g,Parle,"Plain biscuit, Gluco biscuit",50 g,,"Green Dot, Green Dot India",,"REFINED WHEAT FLOUR (MAIDA) (68%), SUGAR, REFINED PALM OIL, INVERT SUGAR SYRUP* [SUGAR, CITRIC ACID], IODISED SALT, RAISING AGENTS [503 (ii), 500 (ii)], MILK SOLIDS, FLOUR TREATMENT AGENT [1101 (ii)] AND EMULSIFIER OF VEGETABLE ORIGIN [472e] CONTAINS ADDED FLAVOUR (ARTIFICIAL FLAVOURING SUBSTANCES VANILLA) (D-GLUCOSE, LEVULOSE) CONTAINS: WHEAT, MILK",e,4,https://images.openfoodfacts.org/images/products/890/171/912/5478/front_en.7.400.jpg,,,yes,6/8
8902080364053,Mountain Dew,Pepsico,Sweetened beverages,750,,,,,unknown,,https://images.openfoodfacts.org/images/products/890/208/036/4053/front_en.45.400.jpg,,,yes,4/8
8901207036989,Chyawanprash,Dabur,"Sweeteners, Dietary supplements",550 g,,,,"Each 100g is prepared fr Bit derived from the following (Stereospermum suaveolens, St. B Agnimantha (Clerodendrum phlomidis, St. Bk) Gambhari (Gmelina arborea, St. Bk.), Bilva (Aegle marmelos, St. Bk.), Shyonaka (Oroxylum indicum, St. Bk.), Gokshura (Tribulus terrestris, Fr.), Shalapai (Desmodium gangeticum, Pl.), Prishnipami (Uraria picta, Pl.), Brihati (Solanum indicum, PL.), Kantakari (Solanum surattense, PL), Pippali (Piper longum, Fr.), Karkatshringi (Pistacia integerrima, Gl.), Draksha (Vitis vinifera, Dr.Fr.), Guduchi (Tinospora cordifolia, St.), Haritaki (Terminalia chebula, P.), Bala (Sida cordifolia, Rt.), Tamalaki (Phyllanthus niruri, PL), Vasa (Adhatoda vasica If) Jiwanti (Leptadenia reticulata, Pl.), Shati (Hedychium spicatum, Rz.), Musta (Cyperus rotundus, Rz.), Pushkara (Inula recemosa, Rt.), Kakanasika (Martynia annua, Fr.), Mudgapami (Phaseolus trilobus, Pl.), Mashaparni (Teramnus labialis PL Vidari (Pueraria tuberosa, Rt. Tr.). Punarnava (Boerhavia diffusa, Rt.), Utpala lymphaea stellata, Fl.). Sukshamalla (Elettaria mum 3/",not-applicable,,https://images.openfoodfacts.org/images/products/890/120/703/6989/front_en.9.400.jpg,,,yes,5/8
8902080304059,7up Super Duper 750ml,PepsiCo,"Sodas, Drinking",16,,Green Dot India,,up added natur lemon CARBONATED WATER,unknown,,https://images.openfoodfacts.org/images/products/890/208/030/4059/front_en.29.400.jpg,,,yes,6/8
8901192205100,catch chat masala,Catch,Mixtures of herbs and spices,100g,Plastic,Green Dot India,,"Salt, Dry Mango, Cucumis,Black Salt,Edible Common Salt, Capsicum, Cumin, Bishop's Weed, Mint,Long Pepper, Sugar, Black Pepper, Big Cardamom, Red Chilli, Clove, Cinnamon, Coriander, Asafoetida, Ammonium Chloride (INS No 510), Citric Acid(INS No 330).",e,3,https://images.openfoodfacts.org/images/products/890/119/220/5100/front_en.18.400.jpg,,,yes,7/8
8901719101038,Parle - G,Parle,Biscuits,,,,,"Refined Wheat Flour (Maida), Sugar, RBD Palm Oil, Invert Sugar Syrup, Raising Agents [INS 503(ii), INS 500(ii)], Iodised Salt, Milk Solids, Emulsifier [INS 322 or INS 471 & INS 481], Artificial Flavoring Substances (Vanilla), Flour Treatment Agent [INS 223].",e,4,https://images.openfoodfacts.org/images/products/890/171/910/1038/front_en.20.400.jpg,,,yes,4/8
8901764032400,Sprite Lemon Lime flv Coke Brand 2ltr,"The Coca-Cola Company, कोका कोला क","Sodas, Carbonated waters",9,plastic,,,"CARBONATED WATER, SUGAR, ACIDITY REGULATORS (330, 331(i)), PRESERVATIVE (211), FLAVOURS (NATURAL FLAVORING SUBSTANCES",unknown,4,https://images.openfoodfacts.org/images/products/890/176/403/2400/front_en.5.400.jpg,,,yes,6/8
8901123005403,Lotto Choco Pie With Rich Marshmallow,Lotte,"Chocolates, Chocolate biscuits",336g,,No preservatives,,"CHOCO COVERING (25%) [SUGAR, HYDROGENATED VEGETABLE FAT (PALM), COCOA SOLIDS, MILK SOLIDS, EMULSIFIERS (322,476), ARTIFICIAL FLAVOUR (VANILLA)], WHEAT FLOUR (MAIDA), SUGAR, LIQUID GLUCOSE, INTERESTERIFIED & HYDROGENATED VEGETABLE FAT (PALM), HUMECTANTS(420, 422), RAISING AGENTS 1500(ii), 503(ii)]. MILK SOLIDS, DEXTROSE, PRESERVATIVES (202, 281), 1ODISED SALT, STABILIZERS (407, 406, 440, 401, 461, 415), ACIDITY REGULATOR 1341(i)] AND ARTIFICIAL FLAVOUR (MILK). cal diet)",e,4,https://images.openfoodfacts.org/images/products/890/112/300/5403/front_en.24.400.jpg,,,yes,6/8
8901719117220,Parle Hide &seek 200g(30),Parle,Chocolate biscuits,,,,,,e,,https://images.openfoodfacts.org/images/products/890/171/911/7220/front_en.8.400.jpg,,,yes,3/8
8906010500221,Balaji Wafers Mung Dal,Balaji,Fried and Salted Green Gram,,,Green Dot India,,,unknown,,https://images.openfoodfacts.org/images/products/890/601/050/0221/front_en.3.400.jpg,,,yes,4/8
8901117250352,oral rehydration salts,cipla,"Waters, Open Products Facts",21g,,,,,not-applicable,,https://images.openfoodfacts.org/images/products/890/111/725/0352/front_en.5.400.jpg,,,yes,4/8
8906069401210,Peanut butter,veeba,"Nut butters, Peanut butters",925g,,Green Dot India,,"ROASTED PEANUTS (91.0%), SUGAR, EMULSIFIER AND STABILIZER (INS471) AND IODISED SALT",c,4,https://images.openfoodfacts.org/images/products/890/606/940/1210/front_fr.3.400.jpg,,,yes,6/8
8901262172493,Amul Chocochips Icecream,Amul,Ice creams,540g,,,,"Milk solids, sugar, milk chocolate chips (4%), milk compound chocolate chips (4%), cocoa solids, emulsifier (471), stabilizers (407, 466, 415, 412).",d,,https://images.openfoodfacts.org/images/products/890/126/217/2493/front_en.18.400.jpg,,,yes,5/8
8901764048319,Charged berry bolt,Thums Up,"Sweet snacks, Energy drinks, Carbonated fruit soft drink with sugar and artificial sweeteners and with less than 10% of fruit juice, Caffeine beverage",250 ml,,Not advised for children and pregnant women,,"CARBONATED WATER, SUGAR, ACIDITY REGULATORS (330, 331(), CAFFEINE, COLOUR (129) AND FLAVOURS (NATURE IDENTICAL FLAVOURING SUBSTANCES)",d,4,https://images.openfoodfacts.org/images/products/890/176/404/8319/front_en.22.400.jpg,,,yes,6/8
8901123005410,Lotte Choco Pie,Lotte,Snacks,504g,,,,"CHOCO COVERING (25%) [SUGAR, HYDROGENATED VEGETABLE FAT (PALM), COCOA SOLIDS, MILK SOLIDS, EMULSIFIERS (322,476), ARTIFICIAL FLAVOUR (VANILLA)], REFINED WHEAT FLOUR (MAIDA), SUGAR, LIQUID GLUCOSE, INTERESTERIFIED & HYDROGENATED VEGETABLE FAT (PALM), HUMECTANTS (420, 422), RAISING AGENTS (500(ii), 503(ii)], MILK SOLIDS, DEXTROSE, PRESERVATIVES (202, 281), IODISED SALT, STABILIZERS (407, 406, 440, 401, 461, 415), ACIDITY REGULATOR [341(i)] AND ARTIFICIAL FLAVOUR (MILK). (Numbers indicated in bracket as per International Numbering System) Allergen Information: Contains Wheat(Gluten), Milk & Soya",e,4,https://images.openfoodfacts.org/images/products/890/112/300/5410/front_en.3.400.jpg,,,yes,5/8
8901063017399,Britannia 5050 maska chaska (300g),Britannia,Biscuits,,,,,,unknown,,https://images.openfoodfacts.org/images/products/890/106/301/7399/front_en.8.400.jpg,,,yes,3/8
8901499010742,Chocos Crunchy Bites,Kellogg's,"Chocolate cereals, Food",375g,,Green Dot India,,"REFINED WHEAT FLOUR (MAIDA) (41%), SUGAR, CORN MEAL, WHEAT BRAN, CHOCO CRÈME (5.2%) {SUGAR, EDIBLE VEGETABLE OIL (PALM KERNEL OIL), COCOA SOLIDS, EMULSIFIER (INS 476)), INVERT SYRUP, IODIZED SALT, FLAVOURS (NATURE IDENTICAL & ARTIFICIAL (MARSHMALLOW & VANILLA)), COCOA SOLIDS (0.3%), MINERALS, COLOUR (INS 150d), VITAMINS, ANTIOXIDANT (INS 320). ALLERGEN DECLARATION: CONTAINS WHEAT. MAY CONTAIN SOY, MILK, OATS, BARLEY & NUTS.",d,4,https://images.openfoodfacts.org/images/products/890/149/901/0742/front_fr.3.400.jpg,,,yes,6/8
8904004401073,Haldiram khatta mitha,haldiram,"Snacks, Rice-flakes-and-peanut-based-snacks",50g,,Green Dot India,,"Refined Palmolein Oil, Rice Flakes (22%), Bengal Gram Flour (Besan) (21%), Refined Sugar, Split Pulse Bengal Gram (Chana Dal) (7%), Groundnuts (Peanuts) (5%). Sago (4%), Red Lentils (Masur Whole) (2.5%), Green peas, Iodised Salt, Black Salt, Turmeric, Acidity Regulator (INS 330), Red Chilli, Ajwain, Raising Agent (INS 500 ii) & Asafoetida. Allergen: Contains Peanuts May Contains Tree nuts, Wheat, Milk, Soy, Mustard Seed & Sesame Seed",d,3,https://images.openfoodfacts.org/images/products/890/400/440/1073/front_en.3.400.jpg,,,yes,6/8
8901058903966,Milkybar Moosha,Nestlé,Milk chocolate bar with nougat,38g,,Green Dot India,,"Nougat + Caramel (70%) (Sugar, Liquid glucose, Hydrogenated vegetable fats, Malt extract, *Milk solids (3.7%), Emulsifiers (471 and Soya Lecithin), Acidity regulator (330), Stabilizer (501), lodized salt, Nature - Identical flavouring substances and Artificial (Vanilla) flavouring substances) and MILKYBAR^ Coating (30%) (*Milk solids (10.6%), Sugar, Hydrogenated vegetable fats, Fractionated vegetable fat, Emulsifier (Soya lecithin) and Nature-Identical flavouring substances). Contains Barley, Milk, Sesame, Soy and Wheat.",e,4,https://images.openfoodfacts.org/images/products/890/105/890/3966/front_en.6.400.jpg,,,yes,6/8
8901595863051,Pasta Masala,Smith & Jones,Pasta masala,7g,,"Green Dot, Green Dot India",,"Iodised Salt, Mixed Spices (20%) (Garlic, Coriander, Cumin, Onior Chilli), Corn Flour, Sugar, Tomato Powder, Flavour Enhancer (INS 635), Anticaking Agent (INS 551), Yeast Extract, Acidity Regulator NS 330), Beet Root Powder, Sunflower Oil, Nature Identical Flavouring Substances. May contain: Wheat, Soy, Mustard, Milk & Celery.",e,4,https://images.openfoodfacts.org/images/products/890/159/586/3051/front_en.3.400.jpg,,,yes,6/8
8904335601951,100% Rolled Oats,Yoga Bar,Rolled oats,,,No gluten,,100% Golden Rolled Oats. Net weight: Lot No.: MRP: (incl. of all taxes) USPR: Date of Mfg.: Use by: 1 kg OT14E24A 490.00 Rs.0.49/9 MAT D,a,,https://images.openfoodfacts.org/images/products/890/433/560/1951/front_en.14.400.jpg,,,yes,5/8
8901512562807,Butter flavour popcorn,ACT 2,Popcorn,,,,,"Popped Corn (88.7%), Refined Edible Palmolein Oil (Antioxidant (TBHQ)), lodized Salt, Nature Identical Flavour (Butter), Table Butter (0.07%) & Colour (Beta Carotene).",d,4,https://images.openfoodfacts.org/images/products/890/151/256/2807/front_en.3.400.jpg,,,yes,4/8
8901262020244,Amul Cheese,Amul,"Cheeses, Cheese block",200g,,Green Dot India,India,,unknown,,https://images.openfoodfacts.org/images/products/890/126/202/0244/front_en.3.400.jpg,,,yes,6/8
8908004099025,Sunrich Aqua Packaged Drinking water,Sunrich Aqua,Drinking water,1 Litre,,,,"TREATED WATER, MINERALS (SODUM BICARBONATE POTASSIUM BICARBONATE, CALCIUM CHLORIDE & MAGNESIUM SULPHATE)",unknown,1,https://images.openfoodfacts.org/images/products/890/800/409/9025/front_en.3.400.jpg,,,yes,5/8
8906029450548,Mixed Fruit Jam,Meal Time,"Jams, Food",1 kg,,,,"Sugar, Mixed Fruit Pulp Blend (46%) (Apple, Pear, Papaya, Guava, Mango, Pineapple Juice, Grape), thickener (440), Acidity Regulator (330), Preservatives (211,224) CONTAINS PERMITTED SYNTHETIC FOOD COLOUR (122) AND ADDED FLAVOURS - NATURAL, NATURE IDENTICAL & ARTIFICIAL FLAVOURING SUBSTANCES (MIXED FRUIT, RASPBERRY & ORANGE) CONTAINS PERMITTED CLASS II PRESERVATIVES (211,224) CONTAINS SULPHITE",unknown,4,https://images.openfoodfacts.org/images/products/890/602/945/0548/front_en.3.400.jpg,,,yes,5/8
6291100213160,Khenaizi Dates,"Date Crown, Khenaizi","Dried fruits, Dates",500g,,Green Dot India,,Wet Dates,d,,https://images.openfoodfacts.org/images/products/629/110/021/3160/front_en.6.400.jpg,,,yes,6/8
8901248701105,jhandu balm,no,,100 g,,,,,unknown,,https://images.openfoodfacts.org/images/products/890/124/870/1105/front_en.19.400.jpg,,,yes,3/8
8903241110076,Pravin Mango Pickle,Pravin,Plant-based pickles,1 kg,,Green Dot India,,"Green Mango (63%), lodised Salt, Cotton Seed Oil, Mustard, Red Chilli, Fenugreek, Turmeric, Acidity Regulator - Acetic Acid (E260), Asafoetida.",e,3,https://images.openfoodfacts.org/images/products/890/324/111/0076/front_en.3.400.jpg,,,yes,6/8
8901063325753,Britannia Toastea Premium Bake Rusk with Real Elaichi,Britannia,"Rusks, Toasts",183gm,,Green Dot India,,,unknown,,https://images.openfoodfacts.org/images/products/890/106/332/5753/front_en.3.400.jpg,,,yes,5/8
8904071701090,Small Bhakarwadi,,"Snacks, Bhakarwadi",170g,,,,"Wheat Flour, Palm Oil, Gram Flour, Ground Spices, White Sesame, Green Chili, Dry Mango Powder, Turmeric Powder, Tamarind & Salt",d,3,https://images.openfoodfacts.org/images/products/890/407/170/1090/front_en.4.400.jpg,,,yes,4/8
8906010500306,Ratlami Sev,Balaji Wafers,Ratlami sev,,,,,"potato, edible vegetable oil, seasoning (iodised salt, black salt, dry mango powder, onion powder, garlic powder, black pepper, cumin powder, coriander powder, chilli powder, citric acid, sugar, tomato powder, flavour enhancer (E621), anticaking agent (E551))",e,4,https://images.openfoodfacts.org/images/products/890/601/050/0306/front_fr.10.400.jpg,,,yes,4/8
8904004402421,Halke Fulke Salted Potato Chips,Haldiram's,Potato crisps,15 g,,,,,unknown,,https://images.openfoodfacts.org/images/products/890/400/440/2421/front_en.5.400.jpg,,,yes,4/8
8906010500351,Aloo Sev,Balaji,,200g,,,,"EDIBLE VEGETABLE OIL (CONTAINS ONE OR MORE OF THE FOLLOWINGS: PALMOLEN RACE BRAN, CORN, COTTONSEED), CHICKPEA FLOUR, POTATO FLAKES (21%), SEASONING MALTODEXTRIN, EDIBLE COMMON SALT, SPICES & CONDIMENTS (ORY MANGO, CUMIN FENNEL CHILL, CORIANDER, CLOVE, TURMERIC, PEPPER CARDAMOM, GINGER), DEHYDRATED VEGETABLE POWDER (MINT 0.2%, GARLIC, TAMARIND), FLAVOUR NATURAL NATURE DENTICAL FLAVOURING SUBSTANCES), ACIDITY REGULATOR (INS-330 INS 2 FLAVOUR ENHANCER (INS 635), ANTICAKING AGENT (INS 551, INS 341 (11))]. RICE FLOUR AS FLAVOURING & SEASONING AGENT",unknown,4,https://images.openfoodfacts.org/images/products/890/601/050/0351/front_en.3.400.jpg,,,yes,4/8
0070970474088,Chewy spicy candies,"Hot Tamales, Hot Tamale",Candies,,paper bag,No gluten,United States,"Sugar, corn syrup, modified food starch, contains less than 0.5% of the following ingredients; fumaric acid, natural and artificial flavors, sodium citrate, dextrin, citric acid, malic acid, artificial color, confectioners glaze, red #40, carnauba wax, medium chain triglycerides, yellow #5 (tartrazine), yellow #6, blue #1.",e,4,https://images.openfoodfacts.org/images/products/007/097/047/4088/front_en.5.400.jpg,,,yes,7/8
6291100212606,Date Crown Bumaan,Date Crown,Dates,500g,,"No gluten, Green Dot India, No added sugar",,Wet Dates,unknown,,https://images.openfoodfacts.org/images/products/629/110/021/2606/front_en.5.400.jpg,,,yes,6/8
8904018605238,Chandan Regal Rose Mix,Chandan,mouth freshener,180g,,Green Dot India,,"(Fennel Seeds, Amaranth Seeds, Coriander Seeds, Sesame Seeds, Added Sugar)78%, Candied Papaya 8%, Indian Gooseberry 7.8%, Dry Dates 6%, Rose Petals 0.2% & Spice Extract. CONTAINS PERMITTED NATURAL FOOD COLOURS - INS-100 (i),INS-140, INS-150d & INS-160b. CONTAINS NATURE IDENTICAL FLAVOUR-ROSE.",unknown,4,https://images.openfoodfacts.org/images/products/890/401/860/5238/front_en.3.400.jpg,,,yes,6/8
8901063325920,Britannia Toastea Premium Bake Rusk with Real Elaichi,Britannia,Rusks,1kg,,Green Dot India,,,unknown,,https://images.openfoodfacts.org/images/products/890/106/332/5920/front_en.3.400.jpg,,,yes,5/8
8906010500238,BALAJI Mung Dal,,Snacks,,,,,"MUNG BEAN SPLITS (84%), EDIBLE VEGETABLE OIL (CONTAINS ONE OR MORE OF THE FOLLOWINGS PALMOLEIN, RICE BRAN, CORN, COTTONSEED), **SEASONING [EDIBLE CUMIN SALT, BLACK SALT).  **AS SEASONMENT",d,3,https://images.openfoodfacts.org/images/products/890/601/050/0238/front_en.16.400.jpg,,,yes,3/8
8901030902390,knorr sweet corn Veg,Knorr,Food doup,9,,,,"Soup Powder. Ingredients: Stgar, Potato Starch, Maltodextrin, lodised salt, &quot;Dehydrated Vegetables (Coin (5.3%), Leeks (0.5%)), Hydrolyzed Vegetable Protein, Thickeners (412 & 415), Flavours - Nature Identical, Artificial (Corn) and Natural (Garlic) Flavouring Substances, Dehydrated Carrot Flakes (2.6%), Hydrogenated Palm Oil, Spices and Condiments, Flavour Enhancers (627 & 631), Anticaking Agent (551).  of this pack  May contain traces of Wheat, Milk, Soy Mustard, Celery & Nuts.",e,4,https://images.openfoodfacts.org/images/products/890/103/090/2390/front_en.3.400.jpg,,,yes,5/8
8906080602818,Paper boat pomegranate 600ml,paper boat,,200,,,,,unknown,,https://images.openfoodfacts.org/images/products/890/608/060/2818/front_en.11.400.jpg,,,yes,3/8
8901719135163,Parle Monaco,Chupa Chups,Appetizers,,,,,,unknown,,https://images.openfoodfacts.org/images/products/890/171/913/5163/front_en.4.400.jpg,,,yes,3/8
8901063325227,Toast Tea Rusk,Britannia,Snacks,50,,Vegetarian,,"REFINED WHEAT FLOUR (MAIDA) (71%), PALMOLIN OIL, SEMOLINA (SUI) (1.8%), SUGAR, REFINED PALM AND INVERT SUGAR SYRUP IODISED SALT EMULSIFIERS (472e, 471), BREAD IMPROVER (STARCH, SOYA FLOUR 1104, 1102)), WHEAT FIBRE, NATURE IDENTICAL & ARTIFICIAL (300) SPICE (0.3%) (GREEN SUBSTANCES AND ANTIOXIDANT (Numbers in brackets as per International Numbering System) CONTAINS WHEAT AND SOY",d,4,https://images.openfoodfacts.org/images/products/890/106/332/5227/front_en.9.400.jpg,,,yes,6/8
8901262173483,Amul Fruit 'N' Nut Fantasy,Amul,Ice cream in a box,540 gm,,,,"Milk solids, sugar, orange jelly,bmikk chocolate chips, cashew pieces, raisins, emulsifier 471, stabilizers (407,412,466,415), artificial flavouring, colours (102,110)",e,4,https://images.openfoodfacts.org/images/products/890/126/217/3483/front_en.4.400.jpg,,,yes,5/8
8906031251140,Chakote Milk Toast,Chakote,Toasts,,,Green Dot India,,,unknown,,https://images.openfoodfacts.org/images/products/890/603/125/1140/front_en.5.400.jpg,,,yes,4/8
8903553601057,Mango Pickle,,Plant-based pickles,,,,,,unknown,,https://images.openfoodfacts.org/images/products/890/355/360/1057/front_en.8.400.jpg,,,yes,2/8
8906027712235,Ghee,Govind,"Butters, ghee",,,Green Dot India,,,unknown,2,https://images.openfoodfacts.org/images/products/890/602/771/2235/front_en.7.400.jpg,,,yes,4/8
8901764012303,Coca-Cola,Coke,"Colas, Sweetened beverages",1L,,,,"CARBONATED WATER, SUGAR, ACIDITY REGULATOR (338), CAFFEINE (8.7 mg/100 g), COLOUR (150d), FLAVOURS (NATURAL FLAVOURING SUBSTANCES)",e,4,https://images.openfoodfacts.org/images/products/890/176/401/2303/front_en.30.400.jpg,,,yes,5/8
8886467122392,PRINGLES ( ORIGINAL ),"Pringles, Kellanova",Stacked extruded potato crisps,107g,cardboard tube,Green Dot India,Maharastra,"Dried Potato (48%), Edible Vegetable Oil (Palm Oil), Corn Flour, Starch, Emulsifier (INS 471), Maltodextrin, Salt, Acidity Regulator (INS 330)",e,4,https://images.openfoodfacts.org/images/products/888/646/712/2392/front_en.26.400.jpg,,,yes,8/8
8901888040350,Real fruit power mixed fruit 1ktr tpk,,Multifruit juices,1 L,,,,"Water, Concentrated Mixed Fruit Juice (12.03%) [From Apple, Orange, Guava, Apricot, Mango, Banana, Lime, Passion Fruit, Pineapple], Sugar, Acidity Regulator (INS 330), Antioxidant (INS 300), Stabilizer (INS 440), Colours [INS 160 a (ii) & (iii)] and Flavours (Natural & Nature identical Flavouring Substances). THIS CONTAINS 60% MIXED FRUIT JUICE CONTENT. within 5 days",e,4,https://images.openfoodfacts.org/images/products/890/188/804/0350/front_en.45.400.jpg,,,yes,4/8
8901063155459,Tiger Krunch ChocoChips,Britannia,Chocolate biscuits,63 g,,Green Dot India,India,"REFINED WHEAT FLOUR (MAIDA), SUGAR, REFINED PALM OIL, CHIC CHIPS (8%) (SUGAR, EDIBLE HYDROGENATED VEGETABLE FAT, COCOA SOLIDS, DEXTROSE EMULSIFIER [322(i)] AND NATURAL FLAVOURING SUBSTANCE, INVERT SUGAR SYRUP COCOA SOLIDS (1.6%), COLOURS (150c, 124, 133), RAISING AGENTS [500)& IODISED SALT, EMULSIFIERS [322(i), 471 & 472e], ARTIFICIAL (CHOCOLATE & FLAVOURING SUBSTANCES, FERROUS SALT, DOUGH CONDITIONER (223) AND VITAMIN*",unknown,4,https://images.openfoodfacts.org/images/products/890/106/315/5459/front_en.11.400.jpg,,,yes,7/8
8901030818660,Boost,Hindustan Unilever Limited,Beverages,500g,,,,"Cereal extract (49%) [Barley, Wheat, Millet), Malted Barley (Extracted solids) (21%), Sugar, Wheat Flour (Atta) (6.5%) Milk Solids (6%), Minerals, Wheat gluten, Natural Colour (INS 150 Acidity Regulators (INS 501, INS 500(ii)], Edible lodized Salt, Cocoa powder Vitamins, Soy Protein Isolate (0.28%), Nature-identical flavouring substances CONTAINS PERMITTED NATURAL COLOUR AND ADDED FLAVOUR (NATURE IDENTICAL FLAVOURING SUBSTANCES). 500100 Tengah +Based on an independent study conducted in 2009, the number of shuttles completed by Boost consuming children (aged 7-105 increased by 25% compared to 8% increase in children who consumed endurance. Study published in J Nutr. 141:2017-2023, 2011 fortified chocolate beverage, in a 20 m shuttle test measuring we A Boost is a nourishing beverage to be consumed as a part of your daily diet and exercise plan. PET",e,4,https://images.openfoodfacts.org/images/products/890/103/081/8660/front_en.6.400.jpg,,,yes,5/8
8908005144649,Muesli+ (Fruits + Nuts & Seeds),Yoga Bar,"Mueslis, Protein Energy Bars",400g,,,,"60% Whole Grains (Rolled Oats, Brown Rice Flakes, Quinoa Flakes), 17% Dried Fruits (Raisins, Apricots, Cranberry, Blackcurrants), 14% Seeds & Nuts (Pumpkin, Almonds, Chia, Flax), Strawberry Powder, Date Syrup, Jaggery, Rice Bran Oil, Himalayan Pink Salt.  CONTAINS ADDED NATURAL FLAVOUR",not-applicable,4,https://images.openfoodfacts.org/images/products/890/800/514/4649/front_en.26.400.jpg,,,yes,5/8
8901512540805,Popcorn,,"Popcorn, Papaver seeds",15,,,,"Popping Corn (60.3%), Refined Edible Palmolein Oil (TBHQ), lodized Salt, Artificial Flavour (Butter), Table Butter (0.03%) & Beta Carotene. Contains Milk and its products. Freshly Popped Popcorn. (15.1 Instant Popcom: Ready to Cook Com Product A PROPRIETARY FOOD ACT II and movie marquee logo are registered trademarks of ConAgra Foods RDM Inc., USA. 8 901512 540805 See top panel for MRP (inclusive of all taxes), Unit Sale Price (USP), Net Quantity (in g), Batch No. and Date of Manufacture (MFD) and Use by Date (UBD). Registered Office and Consumer Care Cell details: Agro Tech Foods Ltd., 31, Sarojini Devi Road, Secunderabad: 500003 (TS), India or e-mail us at feedback@atfoods.com or call 1800 425 2903/099595 52903 or visit our website www.atfoods.com Manufactured for Agro Tech Foods Limited 31, Sarojini Devi Road, Secunderabad: 500003 (TS). fssat Lic.No.10014047000183 For Manufacturer's Lic No., see first three characters of batch no. and see below: 381: Lic. No. 10014047000046 353: Lic. No. 10013012000240 106: Lic. No. 10013021000891 109: Lic. No. 10018051002702 110: Lic. No. 10017071000952 112: Lic. No. 10020044001936 101704-C23 Mtrl. Mfd. By: GLS Films Industries Pvt. Ltd., Regn. No. HSPCB/313102619GUSOCTO6192696 Dated:2019 2024/5/17 15:15",c,4,https://images.openfoodfacts.org/images/products/890/151/254/0805/front_en.6.400.jpg,,,yes,4/8
8901491101820,lays,Lay's,Potato crisps,50gm 20rs,,Green Dot India,,Find us on: facebook.com/laysindia 8 901491 101820,e,,https://images.openfoodfacts.org/images/products/890/149/110/1820/front_en.37.400.jpg,,,yes,6/8
8901764042508,Coke Brand Thumbs up 2ltr,coca cola,Sodas,9,Plastic,,,,unknown,,https://images.openfoodfacts.org/images/products/890/176/404/2508/front_en.3.400.jpg,,,yes,5/8
7622201762063,Dairy milk chocolate,Cadbury,Milk chocolate bar,123g,,Cocoa Life,,,e,,https://images.openfoodfacts.org/images/products/762/220/176/2063/front_en.14.400.jpg,,,yes,5/8
8901262152211,Amul Kool Kesar Flavour 180ml,Amul,Fruit and milk beverages,180ml,,Green Dot India,,"Milk solids, sugar, artificial flavouring substances (cream flavour, saffron flavour, almond flavour), E102, E110",e,4,https://images.openfoodfacts.org/images/products/890/126/215/2211/front_en.43.400.jpg,,,yes,6/8
8901063093355,Good Day Cashew Cookies Medium Pack 600g,Britannia,Biscuits,600 g,Plastic,Green Dot India,India,"REFINED WHEAT FLOUR (MAIDA), REFINED PALM OIL, SUGAR, CASHEW NUTS (1.8%), INVERT SUGAR MILK SOLIDS, BUTTER (0.6%), RAISING AGENTS [503(ii) & 500(ii)], IODISED SALT, EMULSIFIERS (322(i), 471 & 472e] AND FLAVOURS [NATURE IDENTICAL AND ARTIFICIAL (MILK AND VANILLA) FLAVOURING SUBSTANCES].",e,4,https://images.openfoodfacts.org/images/products/890/106/309/3355/front_en.3.400.jpg,,,yes,8/8
8906002004430,Veg mayonnaise,Dr. Oetker,"Egg-free mayonnaises, Mayonnaises",100g,plastic pouch,"Vegetarian, No gluten, ISO 22000, No Trans fat",Rajasthan,"Refined Soyabean Oil, Water, Sugar, Milk Solids, iodised Salt, Lemon Juice, Emulsifiers and Stabilizers (INS415, INS1442), Acidity Regulators (INS260, INS330), Preservatives (INS211, INS202), Antioxidant (INS319).  CONTAINS MILK.",e,4,https://images.openfoodfacts.org/images/products/890/600/200/4430/front_en.32.400.jpg,,,yes,8/8
8904004400755,Aloo Bhujia sev,Haldiram,Snacks,,,,,"Potato, Edible Vegetable Oil (Palmolein, Cotton Seed, Corn, Sunflower, Rice Bran), Bengal Gram Flour (Besan), Potato Flakes, Potato Starch, Tapioca Starch, Tepary Beans (Moth Dal) % Flour, lodised Salt, Red Chilli Powder, Black Salt, Acidity Regulator (INS 330), Black Pepper, Clove, Dried Ginger Powder, Dried Garlic Powder, Cumin Powder, Bay Leaf, Nutmeg, Cinnamon, Turmeric, Mint Leaves, Natural Flavouring Substances & Nature Identical Flavouring Substances.  Allergen: May Contains Peanut, Tree Nuts, Sesame Seed, Milk, Soy, Mustard Seed & Wheat",d,4,https://images.openfoodfacts.org/images/products/890/400/440/0755/front_fr.3.400.jpg,,,yes,4/8
8901262200028,Dahi,Amul,Yogurts,200 g,,,,"Pasteurised toned mil,milk solids,active culture",unknown,1,https://images.openfoodfacts.org/images/products/890/126/220/0028/front_en.3.400.jpg,,,yes,5/8
8908010900063,Peanut Butter All Natural Creamy Unsweetened,Pintola,"Nut butters, Creamy peanut butters, Pure peanut butters",1 kg,,100% natural,,100% TURAL D,a,,https://images.openfoodfacts.org/images/products/890/801/090/0063/front_en.23.400.jpg,,,yes,6/8
8901542017667,Glucose orange flavour,Zydus wellness,Food,,,,,,unknown,,https://images.openfoodfacts.org/images/products/890/154/201/7667/front_en.18.400.jpg,,,yes,3/8
8901246003492,Del monte,Del Monte,,,,,,,unknown,,https://images.openfoodfacts.org/images/products/890/124/600/3492/front_en.3.400.jpg,,,yes,2/8
8901030532719,kissan fresh Tamato,Kissan,Tomato Ketchup,500 g,,Green Dot India,,"WATER, TOMATO PASTE (28%), SUGAR, IODISED SALT, ACIDITY REGULATOR - 260, STABILIZERS - 1422, 415, PRESERVATIVE - 211, ONION POWDER, GARLIC POWDER, SPICES AND CONDIMENTS.",e,4,https://images.openfoodfacts.org/images/products/890/103/053/2719/front_en.27.400.jpg,,,yes,6/8
8901499008800,Kellogg's chochos,Kellogg's,Breakfast cereals,24g,,,,chocos,unknown,,https://images.openfoodfacts.org/images/products/890/149/900/8800/front_en.9.400.jpg,,,yes,5/8
8901207026553,Honey,Dabur,"Honeys, Honey and royal jelly mixtures",225g,,Green Dot India,,Honey,e,2,https://images.openfoodfacts.org/images/products/890/120/702/6553/front_en.9.400.jpg,,,yes,6/8
7622202245558,Cadbury Dairy Milk,Cadbury,"Confectioneries, Chocolates",,,,,,unknown,,https://images.openfoodfacts.org/images/products/762/220/224/5558/front_en.3.400.jpg,,,yes,3/8
8850389100684,Mogu lychee,Sappe Public Company Limited,"Fruit juices from concentrate, Lychees, Still fruit soft drink with sugar and with 10-50% of fruit juice, Sweetened beverages",320 ml,Bouteille plastique,"Green Dot, Made in Thailand, fr:Pensez au tri",Tailandia,"water, lychee juice from concentrate 25%, coconut 25%, fructose, sucrose, acidifiers (citric acid, calcium lactate), lychee flavor, preservative e211, gelling agent: gellan gum, color: e129 - 0.0001% (this dye may have adverse effects on activity and attention in children),",e,4,https://images.openfoodfacts.org/images/products/885/038/910/0684/front_en.123.400.jpg,,,yes,8/8
8901262070454,Amul Dark Chocolate,Amul,"Chocolate candies, Dark chocolates",40g,,"Green Dot India, Product part of the 2018 GSOC Summit Chocolate Table","Gujarat, India","SUGAR, COCOA SOLIDS, COCOA BUTTER, PERMITTED EMULSIFIERS (E322, E476), ARTIFICIAL FLAVOURING SUBSTANCES (COCOA, VANILLA)",e,4,https://images.openfoodfacts.org/images/products/890/126/207/0454/front_en.4.400.jpg,,,yes,7/8
8901058003079,Maggi cheesy Tomato,Maggi,"Pastas, Instant pasta",68.5,,"Green Dot, Green Dot India",,"MA ##MACARONI (PASTA) Semolina (100%) [from Wheat]. CHEESY TOMATO *TASTEMAKER® Milk and sugar blend mix (Milk solids & Sugar), Sugar, Dehydrated tomato paste solids {Tomato paste (13.7%), Anticaking agent (551) & lodised salt), lodised salt, Mixed spices (Dehydrated onion, Dried garlic, Roasted garlic, Cumin powder, Red chilli, Capsicum extract, Black pepper, Coriander extract & Cumin extract), Dehydrated Green bell pepper (7.1%), Maltodextrin, Edible starch, Cheese powder (Cheese (3%) & Maltodextrin), Potato flakes (Potato, Margarine, lodised salt, Emulsifier (471) & Turmeric), Palm oil, Thickener (508), Flavour enhancer (635), Oregano bits and Acidity regulator (296).",e,4,https://images.openfoodfacts.org/images/products/890/105/800/3079/front_en.21.400.jpg,,,yes,6/8
8901764012907,8901764012907,Coca-Cola,Beverages,,,,,,e,,https://images.openfoodfacts.org/images/products/890/176/401/2907/front_en.5.400.jpg,,,yes,3/8
8901786060504,Chaat Masala,Everest,"Spices, Groceries",50 g,"Plastic, Cardboard box",Green Dot India,,"Rock Salt, Black Salt, Dried Mango, Cumin, Pomegranate seed, Black Pepper, Dried Ginger, Chilli, Mint Leaf, Nutmeg, Bishop's Weed, Citric acid and Compounded Asafoetida ALLERGEN INFORMATION: May Contain Mustard",not-applicable,3,https://images.openfoodfacts.org/images/products/890/178/606/0504/front_en.15.400.jpg,,,yes,7/8
8901063017702,50 50 Gol Maal,Britannia,"Confectioneries, Biscuits, Bars",,,Green Dot India,,"REFINED WHEAT FLOUR (MAIDA), REFINED PALM & PALMOLEIN OIL, SUGAR (20.5%), RAISING AGENTS (503(ii), 500(ii) & 341(i)), CUMIN BLACK (KALONJI) (0.9%), IODISED SALT, INVERT SUGAR SYRUP, MILK SOLIDS, EMULSIFIERS [322(1) & 4711, NATURE IDENTICAL FLAVOURING SUBSTANCES, DOUGH CONDITIONER (223), IMPROVER [1101(i)] AND COLOUR (102).",e,4,https://images.openfoodfacts.org/images/products/890/106/301/7702/front_en.3.400.jpg,,,yes,5/8
8902710500752,Nutty Fruity Muesli,Baggry’s,"Mueslis, Breakfast cereals diet with dried fruits fortified with vitamins and chemical elements",,,,,,c,,https://images.openfoodfacts.org/images/products/890/271/050/0752/front_en.10.400.jpg,,,yes,3/8
8902579003302,Smoodh Lassi,Smoodh,"Dairy drinks, Fermented dairy desserts",180ml,,,,"TONED MILK DAHI (50%) (MILK SOLIDS, STARTER CULTURE), WATER, SUGAR, STABILIZER (INS 466), ACIDITY REGULATOR (INS 330), IODISED SALT AND NATURE IDENTICAL FLAVOURING SUBSTANCE (ROSE).",e,4,https://images.openfoodfacts.org/images/products/890/257/900/3302/front_en.3.400.jpg,,,yes,5/8
8901088155496,Saffola oats,Saffola,Rolled oats,500g,,,,Rolled Oats,a,1,https://images.openfoodfacts.org/images/products/890/108/815/5496/front_en.17.400.jpg,,,yes,5/8
8901088034593,SAFOLA ACTIVE - MULTI-SOURCE EDIBLE OIL,Saffola,"Rice bran oils, Soybean oils",1l,,Green Dot India,,"PHYSICALLY REFINED RICE BRAN OIL, REFINED SOYA BEAN OIL, ANTIOXIDANTS (INS 319, 330), VITAMINS, ANTI FOAMING AGENT (INS 900a).",c,4,https://images.openfoodfacts.org/images/products/890/108/803/4593/front_en.25.400.jpg,,,yes,6/8
8996001312490,Mayora Malkist Chocolate Flavored Sandwich Cracker Biscuits,Mayora,Chocolate biscuits,,,,,"Refined Wheat Flour, Edible Vegetable Oil (Palmolein Oil)-contains Antioxidant (SHA), Sugar (33 Glucose Syrup, Milk Solids (4.729%) (SMP), Cocoa Powder (3.72%), Tapioca Starch, Leavening Agents, Edible Common Salt, Bakers Yeast, Malt Extract (0.48%), Butter, Emulsifier (Soy Lecithin), Vitamin Premix (Thiamine Mononitrate, Riboflavin, Pyridoxine Hydrochloride, Cyanocobalamin), Artificial Flavouring Substance (Chocolate)",e,4,https://images.openfoodfacts.org/images/products/899/600/131/2490/front_en.14.400.jpg,,,yes,4/8
00001233,Coop Croissant Naturell 60g,GOMAN AS,"Croissants, Protein powders",,,,,"Hvetemel, smør (fløte (melk), melkesyrebakterier), vann, sukker, gjær, salt, egg, hvetegluten, enzym, melbehandlingsmiddel (E 300).",not-applicable,,https://images.openfoodfacts.org/images/products/000/000/000/1233/front_en.13.400.jpg,,,yes,4/8
00001569,Personalized Protein Powder,Herbalife,Protein powders,,,,,"Soy Protein Isolate, Whey Protein Concentrate, Artificial Vanilla flavoring substances, Stabilizer (Corn Starch)",not-applicable,4,https://images.openfoodfacts.org/images/products/000/000/000/1569/front_en.15.400.jpg,,,yes,4/8
8904004402032,All In One,Haldiram's,Snacks,400gm,,Green Dot India,,"Refined Palmolein Oil, Bengal Gram Flour (Besan) 8.5%, Rice Flakes (6.17%), Tepary Beans, Moth Dal Flour (4.37%), Split Pulse Moong (Moong Dal) (4.32 %), Potato, Groundnut (3.7%), Raisins (3.7%), Split Pulse Bengal Gram (Chana Dal) (3.7%), Red Lentils (Masur Whole) (3.7%), Cashew Nuts, Corn Flakes, Sago, Refined Wheat Flour (Maida), Tapioca Starch, Green Peas, Spinach, Refined Sugar, Iodised Salt, Dried Mango Powder, Red Chilli, Black Pepper, Black Salt, Clove Powder, Acidity Regulator (INS 330), Nutmeg, Bay Leaf, Sesame seed, Cinnamon, Turmeric Powder, Ajwain Powder, Cardamom, Curry Leaves, Asafoetida & Colour (INS 141).",e,4,https://images.openfoodfacts.org/images/products/890/400/440/2032/front_en.15.400.jpg,,,yes,6/8
8901063162600,Marie Gold,Britannia,Biscuits,117g,,,,"REFINED WHEAT FLOUR (MAIDA) (73%), SUGAR, REFINED PALM OIL, INVERT SUGAR SYRUF, MILK PRODUCTS (MILK SOLIDS&SWEETENED CONDENSED PARTLY SKIMMED MILK), RAISING AGENTS [(503(ii) & 500(ii)], 1ODISED SALT MINERALS ARTIFICIAL (MILK & VANILLA) & NATURE IDENTICAL FLAVOURING SUBSTANCES, EMULSIFIER (479 DOUGH CONDITIONER (223), VITAMINS, COLOUR (150d) AND IMPROVER (1101(i)). Numbers in brackets as per International Numbering System) CONTAINS WHEAT, MILK AND SULPHITE. Vitamins+ Minerals*",e,4,https://images.openfoodfacts.org/images/products/890/106/316/2600/front_en.10.400.jpg,,,yes,5/8
8901719130243,Moong Dal,Parle,"Snacks, Mung beans",16g,,,,"MOONG DAL [SPLIT MUNG PULSE (88%)], REFINED OIL (S), IODISED SALT, BLACK SALT & CITRIC ACID (330) LAST CHARACTER OF THE BATCH INDICATES NAME OF THE OIL @-Refined Palmolein Oil $-Refined Cotton Seed Oil Refined Palmolein & Cotton Seed Oil",unknown,3,https://images.openfoodfacts.org/images/products/890/171/913/0243/front_en.3.400.jpg,,,yes,5/8
8901030976735,Korean Ramen,Knorr,"Instant noodles, Korean Ramen, Ramen",96 g,,"No preservatives, Green Dot, Limited edition",,"NOODLES: REFINED WHEAT FLOUR (MAIDA THICKENER-1420, PALM OIL/PALMOLEIN, WHEAT GLUTEN, POTATO STARCH, IODISED SALT, YEAST, ACIDITY REGULATOR-500(i) AND 501(i), TEXTURIZER - 451(i). SEASONING: IODISED SALT, #DEHYDRATED VEGETABLES (CABBAGE, ONION, GINGER), FLAVOUR ENHANCER - 627 & 631, MILK SOLIDS, POTATO STARCH, SPICES AND CONDIMENTS (CHILLI POWDER (0.8%)), OLEORESIN CHILLI, SUGAR, MALTODEXTRIN, FLAVOURS - NATURE IDENTICAL FLAVOURING SUBSTANCES AND NATURAL GARLIC FLAVOUR, ANTICAKING AGENT - 551, HYDROLYZED VEGETABLE PROTEIN. #DEHYDRATED VEGETABLES (3.1%): CABBAGE, SPRING ONION, MUSHROOM, BROCCOLI, BELL PEPPER, ZUCCHINI. CONTAINS WHEAT AND MILK. MAY CONTAIN TRACES OF MUSTARD, CELERY, SOYA & NUTS.",unknown,4,https://images.openfoodfacts.org/images/products/890/103/097/6735/front_en.22.400.jpg,,,yes,6/8
8901314717429,Papadopoulos caprice,Papadopoulos,"Confectioneries, Stuffed wafers",,hrredzadff,,,,unknown,,https://images.openfoodfacts.org/images/products/890/131/471/7429/front_en.12.400.jpg,,,yes,4/8
8906019776092,Arabian Premium Dates,Nutraj,"Dried fruits, Dates",500g,,Green Dot India,,Dates,e,,https://images.openfoodfacts.org/images/products/890/601/977/6092/front_en.14.400.jpg,,,yes,6/8
8901595862658,Ginger Garlic Paste 5 MRP,Smith & Jones,Ginger Garlic Paste,,,Green Dot India,,,unknown,,https://images.openfoodfacts.org/images/products/890/159/586/2658/front_en.4.400.jpg,,,yes,4/8
8906010502508,Crunchem Peri Peri Flavour,Balaji,Potato Wafers,35g,,,,,unknown,,https://images.openfoodfacts.org/images/products/890/601/050/2508/front_en.3.400.jpg,,,yes,4/8
4987176230775,Hear shoulder,,,,,,,,unknown,,https://images.openfoodfacts.org/images/products/498/717/623/0775/front_en.7.400.jpg,,,yes,1/8
8906016413792,Badam Flavoured Milk,Godrej Jersey,Flavoured milks,185 ml,,Green Dot India,,"Double Toned Milk, Sugar, Natural and Synthetic Food colours (INS 150a, INS 102), Flavour (Badam), Vitamin A (Retinyl palmitate), Vitamin D2 (Ergocalciferol)",e,4,https://images.openfoodfacts.org/images/products/890/601/641/3792/front_en.3.400.jpg,,,yes,6/8
8901063139350,BRITANNIA bourbon 500g,Britannia,,5 x 100 g,,Green Dot India,,,unknown,,https://images.openfoodfacts.org/images/products/890/106/313/9350/front_en.18.400.jpg,,,yes,4/8
8901262175845,Icecream,Amul,Ice creams,,,,,,c,,https://images.openfoodfacts.org/images/products/890/126/217/5845/front_fr.3.400.jpg,,,yes,3/8
12111202,Minis Mix Eggs,Cadbury,,,,,,,unknown,,https://images.openfoodfacts.org/images/products/000/001/211/1202/front_en.3.400.jpg,,,yes,2/8
8902433005763,70%coCÓA,Galaxy,Dark chocolates,,,,,,e,,https://images.openfoodfacts.org/images/products/890/243/300/5763/front_en.5.400.jpg,,,yes,3/8
8901058905090,naturo,,,undefined,undefined,,undefined,,unknown,,https://images.openfoodfacts.org/images/products/890/105/890/5090/front_en.5.400.jpg,,,yes,4/8
8901719135521,PARLE MARIE,Parle,Biscuits,,,,,,unknown,,https://images.openfoodfacts.org/images/products/890/171/913/5521/front_en.4.400.jpg,,,yes,3/8
8901262040518,Food,Ferreo,Resturant,500 g,,,,,unknown,,https://images.openfoodfacts.org/images/products/890/126/204/0518/front_en.10.400.jpg,,,yes,4/8
8901725005955,sunfeast yippe,Sunfeast,,420,,,,,unknown,,https://images.openfoodfacts.org/images/products/890/172/500/5955/front_en.3.400.jpg,,,yes,3/8
8901725016838,Aashirvaad Superior MP Atta,"Aashirvaad, ITC","Wheats, Whole wheat flours",1kg,,"100% natural, Green Dot India",,WHOLE WHEAT,b,1,https://images.openfoodfacts.org/images/products/890/172/501/6838/front_en.7.400.jpg,,,yes,6/8
8906169490848,Mazafati Dates,,Mazafati dates,400g,,"No preservatives, Green Dot India, No added sugar",,Dates,unknown,1,https://images.openfoodfacts.org/images/products/890/616/949/0848/front_en.14.400.jpg,,,yes,5/8
8906009532363,MAX protein bar,Ritebite,"Bars, Protein bars, Choco berry bar",50g,,"No preservatives, Green Dot India, No added sugar",,"Protein Blend (30%) (Soy Nuggets, Whey Protein Concentrate, Calcium Caseinate, Soy Concentrate), Dietary Fiber (17%) (Fructooligosacharide), Dark Compound No Added Sugar (19%) (Maltitol, Edible Vegetable Fat (Hydrogenated). Cocoa Solids, Milk Solids, Emulsifier (Soy Lecithin)), Maltitol, Cranberries (7%), Brown Rice Crispy, Rice Bran Oil. Strawberry Preserve (6%) (No Added Sugar), Whole Grain Rolled Oats (5.5%), Yogurt Powder Humectant (Glycerine), Flaxseeds, Emulsifier (Soy Lecithin), Soy Protein Isolate, Binding Agent (Guar Gum), Salt and Citric Acid. Antioxidants (Vitamin C), Added Vitamins and Minerals.",not-applicable,4,https://images.openfoodfacts.org/images/products/890/600/953/2363/front_en.26.400.jpg,,,yes,6/8
8906080601767,Swing Lush Lychee,Paper boat,Beverages,140ml,,Green Dot India,,"WATER, SUGAR, LYCHEE JUICE CONCENTRATE (1%)*, APPLE JUICE CONCENTRATE (0.7%), FLAVOURS (NATURE - IDENTICAL AND NATURAL FLAVOURING SUBSTANCES), ACIDITY REGULATOR (CITRIC ACID), STABILIZERS (CARBOXY METHYL CELLULOSE AND GUAR GUM), ANTIOXIDANT ASCORBIC ACID) AND VITAMIN D2.",e,4,https://images.openfoodfacts.org/images/products/890/608/060/1767/front_en.6.400.jpg,,,yes,6/8
7622202307171,shots,Cadbury,"Chocolate candies, Chocolates",3.15,,,,"Sugar ,humydronated oil,milk solids, Glazing agent, Maltodextrin",e,4,https://images.openfoodfacts.org/images/products/762/220/230/7171/front_en.10.400.jpg,,,yes,5/8
8906010500566,Balaji Wafers Tikha Mitha Mix,Balaji Wafers,"Salty snacks, Indian snacks",500g,,Green Dot India,,"EDIBLE VEGETABLE OIL (CONTAINS ONE OR MORE OF THE FOLLOWINGS: PALMOLEIN, RICE BRAN, CORN, COTTONSEED), CHICKPEA FLOUR (17%), **SEASONING (SUGAR, SPICES & CONDIMENTS 4% (CHILLI, CORIANDER, SESAME SEEDS, TURMERIC, BLACK PEPPER, CUMIN, DRY MANGO, CAROM SEED, BAY LEAVES, CARDAMOM, NUTMEG, MACE, CINNAMON, FENNEL, CURRY LEAVES, GINGER, CLOVE), EDIBLE COMMON SALT, ACIDITY REGULATOR (INS 330), RAISING AGENT (INS 500(1))], RICE FLAKES (9%), ROASTED PEANUT (7%), CHICKPEA SPLITS (6%), REFINED WHEAT FLOUR (MAIDA), CORN FLAKES, PEAS, RICE FLOUR. **AS SEASONING AGENT AMVEENL",e,3,https://images.openfoodfacts.org/images/products/890/601/050/0566/front_en.4.400.jpg,,,yes,6/8
8906010503543,Balaji Crunchem Chaat Chaska,Balaji,Crisps,,,,,,unknown,,https://images.openfoodfacts.org/images/products/890/601/050/3543/front_en.9.400.jpg,,,yes,3/8
8908010900162,Peanut Butter,Pintola,"Peanut butters, Nut butters",,,,,"Peanuts (91%), Sugar, Stabilizer (INS471) & Iodised Salt.",c,4,https://images.openfoodfacts.org/images/products/890/801/090/0162/front_en.5.400.jpg,,,yes,4/8
8901063139374,BOURBON,Britannia,Chocolate biscuits,60g,,Green Dot India,,"EDIBLE MAIZI CH, 122, 110, 13 & 102), COCOA SOLIDS (2.7%), MILK SOUDS, RAISING AGENTS (500) & 503(1) NATURE IDENTICAL & ARTIFICIAL (VANILU CHOCOLATE MILK & MILKY COCOA) FLAVOUING SUBSTANCES, EMULSIFIERS [471 & 322(1), M.K CHOCOLATE (0.1%) [EMULSIFIER (322(1) AD IODSED SALT.",e,4,https://images.openfoodfacts.org/images/products/890/106/313/9374/front_en.31.400.jpg,,,yes,6/8
8906007280969,Fortune Premium Kachi Ghani Pure Mustard Oil,"AWL Agri Business Limited, Adani Wilmar Limited, Fortune","Mustards, Mustard oils",1 L,Plastic Bottle,,,Mustard Oil,c,2,https://images.openfoodfacts.org/images/products/890/600/728/0969/front_en.17.400.jpg,,,yes,6/8
8901088055772,Oats,Saffola,"Rolled oats, Oat",1kg,,"Green Dot, Green Dot India, whole grain",,Rolled Oats Allergen Advice: Contains Oats. May contains traces of other Cereals containing gluten. 100% Wholegrain,a,1,https://images.openfoodfacts.org/images/products/890/108/805/5772/front_en.39.400.jpg,,,yes,6/8
8886467122415,Pringles Pizza Flavour Potato Crisps,Pringles,Stacked extruded potato crisps,102g,,E 635/ins 635 /E 471/ ins 471,,"Approximate Recommended Dietary Allowance Regulators (INS 296, 330), Flavour Enhancer (INS 635)/E 635, A Emulsifier (INS 471)/E 471, Maltodextrin, Acidity Regulator (INS 33 Contains wheat and milk READY TO EAT SAVOURIES TARY FOOD) OD SUNLIGHT",e,4,https://images.openfoodfacts.org/images/products/888/646/712/2415/front_en.21.400.jpg,,,yes,6/8
8901764022272,Fanta Orange Flv 750ml,The Coca-cola company,"Sodas, Sweetened beverages, Fanta",24,,Green Dot India,India,"CARBONATED WATER, SUGAR, ACIDITY REGULATOR (330), STABILIZERS (414, 445), PRESERVATIVE (211), COLOUR (110), FLAVOURS (NATURAL & NATURE-IDENTICAL FLAVORING SUBSTANCES).",e,4,https://images.openfoodfacts.org/images/products/890/176/402/2272/front_en.8.400.jpg,,,yes,7/8
8902080404117,slice,PEPSICO INDIA HOLDINGS PVT LTD.,cold drinks,1.2kg,,,VARUN BEVERAGES LTD.,"WATER, SUGAR, *CONCENTRATED MANGO PULP (5.1%), Acidity Regulator (330), Favour (Natural and nature identical falvouring substances ), Stabilizers (466, 440), sweetener (960a), preservative (202), colour (110)  *Equivalent to 10.2% mango pulp IN  Reconstituted Beverage",c,4,https://images.openfoodfacts.org/images/products/890/208/040/4117/front_en.4.400.jpg,,,yes,6/8
8906069402668,Veeba,Veeba,Pasta sauces,1,,Vegan,,,e,,https://images.openfoodfacts.org/images/products/890/606/940/2668/front_en.15.400.jpg,,,yes,5/8
8902579107017,Frooti,,Fruit juices,2 l,,,,,unknown,,https://images.openfoodfacts.org/images/products/890/257/910/7017/front_en.14.400.jpg,,,yes,3/8
8908005144359,Breakfast protein bar,Yoga Bar,"Cereal bars, Protein Energy Bars",45g,,Green Dot India,,"Whole Grains 20% (Rolled Oats 10%, Brown Rice, Foxtail millet 6%, Quinoa 4%), Seeds 17% (Sunflower, Sesame, Flax, Watermelon, Pumpkin, Chia), Honey, Prebiotic fibre (Fructo-oligosaccharide), Nuts (Almonds 7%, Peanuts), Rice crisps, Soy crisps, Dried Cranberry, Dried Blueberry 2%, Banana & Strawberry puree. Apple fibre, Gum Acacia, Himalayan pink salt. CONTAINS ADDED NATURAL FLAVOUR (Rosemary extract, Blueberry extract)",not-applicable,4,https://images.openfoodfacts.org/images/products/890/800/514/4359/front_en.20.400.jpg,,,yes,6/8
8901542016226,Glucon-D Regular,Glucon-D,"Energy drinks, Glucose",125 g,paper,,,"Dextrose (Glucose) (99.4%), Minerals (Calcium Phosphates) and Vitamin D₂.",not-applicable,4,https://images.openfoodfacts.org/images/products/890/154/201/6226/front_en.17.400.jpg,,,yes,6/8
8901499008244,Chocos Moons & Stars,Kellogg's,Breakfast cereals,28.6g,Plastic pouch,,"India, Maharashtra, Raigad","Wheat Solids (54.2%) Wheat Flour (29.6%), Wheat Flour (24 mole Sugar, Corn Flour, Cocoa Solids (5.6%), Minerals Malt Extract, Edible Vegetable Oil (Palmolein) iodized Salt, Colour (INS 150d), Vitamins Antioxidant (INS 320). CONTAINS PERMITTED NATURAL COLOUR ADDED FLAVOURS (NATURE IDENTICAL",d,4,https://images.openfoodfacts.org/images/products/890/149/900/8244/front_en.15.400.jpg,,,yes,7/8
8901262071048,Amul Sugar free chocolate,Amul,"Chocolate candies, Chocolates, Sugar free chocolate",150g,,,Anand Gujarat India,"Cocoa solids, maltitol, cocoa butter, emulsifiers (322, 476), artificial flavouring substances (cocoa, vanilla). 'CONTAINS NATURALLY OCCURRING SUGARS'.",d,4,https://images.openfoodfacts.org/images/products/890/126/207/1048/front_en.22.400.jpg,,,yes,6/8
8901786070503,Pav bhaji masala,Everest,Masalas,50g,Paper,,,"Chilli, Coriander, Cumin, Dry Mango, Cassia Leaf, Black Pepper, Cassia, Clove, Turmeric, Dry Ginger, Star anise, Fennel, Black Cardamom and Common Salt.",unknown,3,https://images.openfoodfacts.org/images/products/890/178/607/0503/front_en.5.400.jpg,,,yes,6/8
8904004400014,Bhujia Sev,Haldirams,"Snacks, Spices",17g,,Fssai,,"Tepary Beans Flour, Refined Cotton Seed Oil, Bengal Gram Flour, Edible Common Salt, Red Chilli Powder, Clove Powder, Black Pepper, Dried Ginger Powder, Cardamom, Bay Leaf, Nutmeg & Cinnamon.",not-applicable,3,https://images.openfoodfacts.org/images/products/890/400/440/0014/front_en.3.400.jpg,,,yes,6/8
8901207900631,Chyawanprash,Dabur,"Dietary supplements, Citric acids, Immunity-booster",575g,Plastic,No artificial flavourings or sweeteners,India,"Patala (Stenspermum suaveolens, St. Bk.), Agnatha (Clerodendrum phlomidis, St. B Gambhari (Gmelina arborea, St. Bk.) va (Aegle marmelos, St. Bk.), Shyon ika (Oroxylum indicum, St. BK.), Gokshura (Tribulus terrestris, Fr.), Shalaparni (Desmodium gangeticum, Pl.), Prishniparni (Uraria picta, Pl.), Brihati (Solanum indicum, Pl.), Kantakari (Solanum surattense, Pl.), Pippali (Piper longum, Fr.), Karkatshringi (Pistacia integerrima, Gl.), Draksha (Vitis vinifera, Dr.Fr.), Guduchi (Tinospora cordifolia, St.), Haritaki (Terminalia chebula, P.), Bala (Sida cordifolia, Rt.), Tamalaki (Phyllanthus niruri, Pl.), Vasa (Adhatoda vasica, Lf.), Jiwanti (Leptadenia reticulata, Pl.), Shati (Hedychium spicatum, Rz.), Musta (Cyperus rotundus, Rz.), Pushkara (Inula recemosa, Rt.), Kakanasika (Martynia annua, Fr.), Mudgaparni (Phaseolus trilobus, Pl.), Mashaparni (Teramnus labialis, Pl.), Reg Vidari (Pueraria tuberosa, Rt. Tr.), Punarnava (Boerhavia diffusa, Rt.), Utpala (Nymphaea stellata, Fl.), Sukshamaila (Elettaria cardamomum, Fr.), Agaru (Cinnamomum zeylanicum - official substitute, St.Bk.), Shweta Chandan (Santalum album, Ht. Wd.) Riddhi (Dioscorea bulbifera - official substitute, Rt. Tr.), Vriddhi (Dioscorea bulbifera - official substitute, Rt. Tr.), Meda (Asparagus recemosus - official substitute, Rt.), Mahameda (Asparagus recemosus - official substitute, Rt.), Jivaka (Pueraria tuberosa - official substitute, Rt. Tr.) Rishabhak (Pueraria tuberosa-official substitute, Rt. Tr.), Kakoli (Withania somnifera - official substitute, Rt.), Kshirkakoli (Withania somnifera - official substitute, Rt.) each 0.396g and Amalaki (Emblica officinalis, Fr., Fr. Pulp) 90.0g, Ghrita, Tila tail (Sesamum indicum, oil) each 1.389, Sharkara 59.5g, Madhu 4.76g and Powder of the following - Pippali (Piper longum, Fr.) 0.79g, Vamsha (Bambusa bambos, S.C.) 1.58g, Tvak (Cinnamomum zeylanicum, St.Bk.), Sukshamaila (Elettaria cardamomum, Fr.), Tvakpara (Cinnamomum tamala, Lf.), Nagkesara (Mesua ferrea, Stmn.), Abhrak Bhasma Akarkarabha (Anacyclus pyrethrum, RL) 0.126g, Lavanga (Syzygium aromaticum Fl. Bd.) 0.128g, Kumkum (Crocus sabvus Sty./Stg.) 0.00759. Preservative-Sodium Benzoate",unknown,,https://images.openfoodfacts.org/images/products/890/120/790/0631/front_en.10.400.jpg,,,yes,8/8
8906066202476,Keya Piri Piri,Keyafood,"Spices, Spicy",,,,,"Iodised salt, dehydrated vegetable powder (tamarind, garlic, onion), mixed spices & herbs (chilli, pepper, parsley, oregano), sugar",not-applicable,3,https://images.openfoodfacts.org/images/products/890/606/620/2476/front_en.4.400.jpg,,,yes,4/8
8901764041259,Thums Up 300ml can,Coca Cola,"Colas, Sweetened beverages",1,Can,"100% natural, Green Dot India",Hindustan Coca-Cola,"Carbonated Water, Sugar, Acidity Regulator (338), Caffeine. Contains permitted natural colour (150d) and added flavours (natural, nature-identical and artificial flavouring substances (cola flavour)).",e,4,https://images.openfoodfacts.org/images/products/890/176/404/1259/front_en.29.400.jpg,,,yes,8/8
8904063230010,Haldiram Bhujia400g,"Haldiram, Haldiram's",Indian savoury snack,400g,Plastic,,,,e,,https://images.openfoodfacts.org/images/products/890/406/323/0010/front_en.11.400.jpg,,,yes,5/8
80135890,Kinder joy boy,Ferrero,"Chocolate candies, Easter eggs, Hollow chocolate eggs",20 g,,,,,e,,https://images.openfoodfacts.org/images/products/000/008/013/5890/front_fr.22.400.jpg,,,yes,4/8
8906002006236,Dr. Oetker Peanut Butter,Dr. Oetker,"Nut butters, Crunchy peanut butters",400g,,Green Dot India,,,unknown,,https://images.openfoodfacts.org/images/products/890/600/200/6236/front_en.10.400.jpg,,,yes,5/8
8901725100025,B Natural Mixed fruit 1ltr tpk,ITC Limied,Fruit juices,12,,"Rich in vitamin C, Vitamin E source",,"Water, Sugar, Banana Puree (6.8%), Guava Pulp (6.6%), Pineapple Pulp (3.2%), Mango Pulp (2.3%), Pomegranate Juice (0.8%), Polydextrose (Dietary Fiber) (0.54%), Litchi Pulp (0.3%), Acidity Regulator (INS 330), Stabilizers (INS 440, INS 466), Nature Identical Flavouring Substances, Natural Flavours and Natural Flavouring Substances, Vitamins and Colours (INS 171, INS 110, INS 102). May Contain Milk, Nut and Soy. Source of Dietary Fibre*, Rich in Vitamin C, Source of Vitamin E",e,4,https://images.openfoodfacts.org/images/products/890/172/510/0025/front_en.62.400.jpg,,,yes,6/8
8904004402056,All in one,Haldiram's,,200 g,,,,,unknown,,https://images.openfoodfacts.org/images/products/890/400/440/2056/front_fr.3.400.jpg,,,yes,3/8
8901071732413,Milk shake chocolate flavour 180ml,Hershey's,"Milks, Milkshakes",180 ml,paper,,,"Water, Sugar, Milk Solids (8%), Cocoa Solids (0.75%), Emulsifiers (460(i),466, 471), Mineral (Calcium carbonate), Flavours (Nature Identical Flavouring Substances), Sequestrant (339 (ii)), Edible Common Salt, Mineral (Zinc Sulphate), Vitamin E (Acetate), Vitamin A (Acetate), Vitamin D2 (Ergocalciferol), Vitamin B1 (Thiamine Chloride Hydrochloride), & Vitamin B2 (Riboflavin)",e,4,https://images.openfoodfacts.org/images/products/890/107/173/2413/front_en.17.400.jpg,,,yes,6/8
8906009803784,Dukes Waffy straberry,DUKES,Biscuits,250g,,,,,unknown,,https://images.openfoodfacts.org/images/products/890/600/980/3784/front_en.3.400.jpg,,,yes,4/8
8906006720329,Kashmir Honey,Lion,Liquid honeys,250 g,,Green Dot India,,Honey,e,2,https://images.openfoodfacts.org/images/products/890/600/672/0329/front_en.6.400.jpg,,,yes,6/8
8906120100137,Chia seeds,Farmley,"Cereal grains, Chia",200g,,"100% natural, FSSAI Lic. No. - 11421850000414",Indore Madhya Pradesh,Chia Seeds,unknown,1,https://images.openfoodfacts.org/images/products/890/612/010/0137/front_en.3.400.jpg,,,yes,7/8
8906105470095,kimia dates,kimia,Dates,400g,,No added sugar,,dates,c,1,https://images.openfoodfacts.org/images/products/890/610/547/0095/front_en.17.400.jpg,,,yes,6/8
8901491000192,Doritod cheese flavor,20rs,Crisps,50gm,,,,,e,,https://images.openfoodfacts.org/images/products/890/149/100/0192/front_fr.3.400.jpg,,,yes,4/8
8901491003162,8901491003162,chips,Light potato crisps,,,,,,unknown,,https://images.openfoodfacts.org/images/products/890/149/100/3162/front_en.17.400.jpg,,,yes,3/8
8901786140503,Everest sahi biryani Masala,EVEREST,ru:Приправа,50g,,,,,unknown,,https://images.openfoodfacts.org/images/products/890/178/614/0503/front_fr.12.400.jpg,,,yes,4/8
8908005077084,Honey Bell vanilla cake,,Cakes,,,,,,e,,https://images.openfoodfacts.org/images/products/890/800/507/7084/front_fr.3.400.jpg,,,yes,2/8
8901491990219,Doritos,Doritos,Corn chips,10rs,,,,,e,,https://images.openfoodfacts.org/images/products/890/149/199/0219/front_fr.3.400.jpg,,,yes,4/8
8902579002053,Appy fizz,Parle Agro,Apple soft drinks,,,,,apple,c,3,https://images.openfoodfacts.org/images/products/890/257/900/2053/front_en.3.400.jpg,,,yes,4/8
8906069401746,Eggless Mayonnaise Chef's Special,Veeba Favourites,"Mayonnaises, Eggless Mayonnaise",100g,,Green Dot India,,"WATER, REFINED SOYABEAN OIL (24.0%), SYNTHETIC INEGAR (WATER, ACETIC ACID (INS260)], SUGAR, EMULSIFIERS AND STABILIZERS (INS1442, INS1450, INS415), IODISED SALT, SPICES AND CONDIMENTS, ACIDITY REGULATOR (INS330), PRESERVATIVES (INS211, INS202), NATURE-IDENTICAL FLAVOURING SUBSTANCES ANTIOXIDANT (INS319) AND SEQUESTRANT (INS385).",d,4,https://images.openfoodfacts.org/images/products/890/606/940/1746/front_en.3.400.jpg,,,yes,6/8
8902579002046,Appy fizz,Parle Agro,Apple soft drinks,600ml,,Green Dot India,,"WATER, SUGAR, CARBONATING AGENT (INS 290) ACIDITY REGULATORS [INS 296, INS 331(iii), INS 330], STABILIZER (INS 440), FOOD COLOUR (INS 150d), PRESERVATIVE (INS 211), ANTIOXIDANT (INS 300), NATURE-IDENTICAL FLAVOURING SUBSTANCE (APPLE)",unknown,4,https://images.openfoodfacts.org/images/products/890/257/900/2046/front_en.12.400.jpg,,,yes,6/8
8901262173599,Amul Rajbhog,Amul,Ice cream tubs,1L/540 g,,,,,d,,https://images.openfoodfacts.org/images/products/890/126/217/3599/front_en.14.400.jpg,,,yes,4/8
8901030779640,Lipton GREEN TEA LEMON ZEST,Lipton,Green teas,25 × 1.3g,,,,,unknown,,https://images.openfoodfacts.org/images/products/890/103/077/9640/front_en.17.400.jpg,,,yes,4/8
8901088129824,Classic masala,Saffola,,500,,,,"Rolled Oats (55.5%), Millets (16%) [Jowar flare), Bajra flakes (2%)], Maltodextrin, lodised Salt, Spices and Condiments-, Dried Vegetables (Carrots (1.15%), Onion - Flakes (1.15%), Green Peas (0.69% ) ), Sugar, Starch, Refined Rice Bran Oil, Natural Flavouring Substances, Hydrolysed Vegetable protein, Flavour Enhances ( 627, INS 631), Nature-identical Flavouring Substances. Contains Onions, Turmeric, Pepper, Red Chill, Cumin, Garlic, Fenugreek, Clove, Nutmeg. ALLERGEN ADVICE: Contains Oats, Soy & Sulphite, May contain trace of Milk & other Gluten containing cereals",unknown,4,https://images.openfoodfacts.org/images/products/890/108/812/9824/front_en.18.400.jpg,,,yes,4/8
8906019633029,1 to 3 noodles chatpat masala,1 to 3 noodles,Instant noodles,50g,,,,,unknown,,https://images.openfoodfacts.org/images/products/890/601/963/3029/front_en.3.400.jpg,,,yes,4/8
8902979001724,Cavins Masala Chaasa 180 ml,Cavin's,"Dairy drinks, Buttermilks",180ml,Paper Carton,Green Dot India,,"Water, Milk Solids, iodized salt, Spices and Condiments (0.6%) (Cumin, Ginger, Chilly and Asafoetida), Emulsifier (INS 460(i)), Stabilizer (INS 466) and Mineral & Vitamin premix (Zinc, Vitamin A & D)",c,4,https://images.openfoodfacts.org/images/products/890/297/900/1724/front_en.13.400.jpg,,,yes,7/8
8908020415014,Ziggy DONUT CAKE,Ziggy,Doughnuts,,,,,"Sugar, Refined Wheat Flour (Maida), Edible Vegetable Oil (Palmolein, Palm), Humectants (422, 420, 1520), Liquid Glucose, Milk Solids (4.3%), Invert Syrup, Maize Starch, Cocoa Solids (1.75%), Dextrose, Baking Powder, Emulsifiers (475, 471, (475, 471, 466), Thickeners and Stabilizer (401, 1442, 339(i), 516, 415), Modified Starch (1422), Nature Identical and Artificial Flavouring Substances Chocolate & Vanilla, Preservative (202), lodized Salt, Acidity Regulato (330), Enzyme (1100(iii), 1104) (Numbers in brackets as ner",e,4,https://images.openfoodfacts.org/images/products/890/802/041/5014/front_en.3.400.jpg,,,yes,4/8
8906010501259,Masala sev murmura,Balaji Wafers,"Appetizers, Namkeen",48g,,,,"PUFFED RICE (45%), CHICKPEA FLOUR, EDIBLE VEGETABLE OIL (CONTAINS ONE OR MORE OF THE FOLLOWINGS: PALMOLEIN, RICE BRAN, CORN, COTTONSEED), RICE FLOUR, **SEASONING [SPICES & CONDIMENTS 4% (CHILLI, BLACK PEPPER, CURRY LEAVES, OREGANO, COMPOUNDED ASAFOETIDA (WHEAT FLOUR, GUM ACACIA, ASAFOETIDA), CUMIN, DRY MANGO, GINGER), DEHYDRATED VEGETABLE POWDER (GARLIC, TAMARIND, ONION), EDIBLE COMMON SALT, BLACK SALT, SUGAR HYDROLYZED VEGETABLE PROTEIN (SOYA), FLAVOUR (NATURAL & NATURE IDENTICAL FLAVOURING SUBSTANCES), ACIDITY REGULATOR (INS 330), YEAST EXTRACT, ANTICAKING AGENT (INS 551), FLAVOUR ENHANCER (INS 627, INS 631) **AS FLAVOURING & SEASONING AGENT",e,4,https://images.openfoodfacts.org/images/products/890/601/050/1259/front_en.18.400.jpg,,,yes,5/8
8904004400977,Indian Snacks Mixture,Haldiram's,"Plant-based foods, fried snacks",400 g,,"Vegetarian, fssai",,"Split Pulse Bengal Gram (Chana Dal), Refined Palmolein Oil, Bengal Gram Flour (Besan) (10%), Red Lentils (Masur Whole) (8%), Groundnut (Peanuts) (7%), Potato, Rice Flakes, Spinach, Iodised Salt, Red Chilli Powder, Acidity Regulator (INS 330), Black Salt, Black Pepper, Pipal, Coriander Powder, Dried Ginger Powder, Clove Powder, Cumin Powder, Nutmeg, Bay Leaf, Turmeric Powder, Dried Mango Powder, Fennel Seed, Cinnamon, Garlic Powder, Hydrolysed Vegetable Protein (Soya), Colour (INS 141) & Asafoetida. Allergen: Contains Peanuts & Soy May Contains Wheat, Almond, Cashew, Milk, Sesame Seed & Mustard Seed",d,4,https://images.openfoodfacts.org/images/products/890/400/440/0977/front_en.3.400.jpg,,,yes,6/8
8904335601890,Yoga bar High Protein Muesli+,Yoga bar,"Dietary supplements, Mueslis, Oat",850g,,Green Dot India,,"Whole Grains 45% {Rolled Oats, Millets 22% [Ragi Flakes (Ragi, Jaggery), Jowar Flakes (Jowar, Jaggery)]}, Texturized Soya Protein Flakes, Dark Chocolate Paste 13% (Sugar, Edible Vegetable Fat, Cocoa Solids, Soy Lecithin & Natural Flavours), Dehydrated Fruits (Raisins, Cranberry 1%), Nuts & Seeds (Chia, Almond 1.5%, Pumpkin), Dates Syrup, Peanut Protein, Cocoa Powder, Natural Flavours, Rice Bran Oil, Jaggery Syrup, Probiotics (Bacillus Coagulans SNZ 1969, 15 Billion CFU/g).",not-applicable,4,https://images.openfoodfacts.org/images/products/890/433/560/1890/front_en.22.400.jpg,,,yes,6/8
8901491003537,Cheetos Masala Balls,Cheetos,Crisps,,,Green Dot India,,,e,,https://images.openfoodfacts.org/images/products/890/149/100/3537/front_en.8.400.jpg,,,yes,4/8
8903553601460,Mango Pickle,Ram Bandhu,Pickled mangoes,350g,,,,,unknown,,https://images.openfoodfacts.org/images/products/890/355/360/1460/front_en.7.400.jpg,,,yes,4/8
8901155101210,Gulab Jamun,Gits,Gulab jamun,200 g,,,,,e,,https://images.openfoodfacts.org/images/products/890/115/510/1210/front_en.7.400.jpg,,,yes,4/8
8908006989508,Peanut butter chikki,Nutritius,"Protein Energy Bars, Health-food, Protein",26 gm,,Vegan,,,not-applicable,,https://images.openfoodfacts.org/images/products/890/800/698/9508/front_en.3.400.jpg,,,yes,5/8
8901063029316,brittania Jimjam pops,Britannia,Biscuits,350g,,Green Dot India,,"REFINED WHEAT FLOUR (MAIDA), SUGAR, REFINED PALM OIL & INTERESTERIFIED VEGETABLE FAT, INVERT SUGAR SYRUP, MILK SOLIDS, EDIBLE MAIZE STARCH, FRUIT PRODUCTS (1%) (APPLE JUICE CONCENTRATE, BANANA POWDER, PLUM JUICE CONCENTRATE), EMULSIFIERS [322(i) & 471], IODISED SALT, ARTIFICIAL (VANILLA, RASPBERRY, PINEAPPLE, APRICOT) & NATURE IDENTICAL FLAVOURING SUBSTANCES, ACIDITY REGULATORS [330 & 331(iii)], GELLING AGENT (440), RAISING AGENTS [500(ii) & 503(ii)] AND COLOUR (122). (Numbers in brackets as per International Numbering System) CONTAINS _WHEAT_, _MILK_ & _SOY_.",e,4,https://images.openfoodfacts.org/images/products/890/106/302/9316/front_en.31.400.jpg,,,yes,6/8
8903553601491,Ram Bandhu Mango pickle,Ram bandhu,Plant-based pickles,500g,,Green Dot India,,,e,,https://images.openfoodfacts.org/images/products/890/355/360/1491/front_en.3.400.jpg,,,yes,5/8
8901262020558,Diced Cheese,Amul,Cheeses,,,,,,c,,https://images.openfoodfacts.org/images/products/890/126/202/0558/front_en.5.400.jpg,,,yes,3/8
8904049111647,Triphala Churna (B.P.N),,,,,,,,unknown,,https://images.openfoodfacts.org/images/products/890/404/911/1647/front_fr.3.400.jpg,,,yes,1/8
8904090906667,Schezwan,,,,,,,,unknown,,https://images.openfoodfacts.org/images/products/890/409/090/6667/front_en.3.400.jpg,,,yes,1/8
7622202225598,OREO,Oreo,Biscuits,,,,,,unknown,,https://images.openfoodfacts.org/images/products/762/220/222/5598/front_en.5.400.jpg,,,yes,3/8
8906029110022,Sliced Bread,Wibs,White breads,,,,,"13% OAS 5% 0% Pure Veg CONTAINS: REFINED WHEAT FLOUR (MAIDA), WATER, YEAST, IODISED SALT, VANASPATI, SUGAR, SOYA FLOUR, PERMITTED CLASSI PRESERVATIVES (E 282, 260) AND IMPROVERS. (E 1100) NETT WEIGHT 400 g Contains Wheat & Soya",c,3,https://images.openfoodfacts.org/images/products/890/602/911/0022/front_en.24.400.jpg,,,yes,4/8
8901725014988,sunfeast,Sunfeast,"Biscuits, Food",,,,,"REFINED WHEAT FLOUR (MAIDA), MILK CHOCO COVERING (22.9%) (SUGAR, INTERESTERIFIED VEGETABLE FAT, MILK SOLIDS (2.75%), COCOA SOLIDS (1.37%), HYDROGENATED VEGETABLE OILS, ARTIFICIAL FLAVOURING SUBSTANCES (VANILLA)), SUGAR, LIQUID GLUCOSE, REFINED PALMOLEIN, HUMECTANT (INS 422), INVERT SYRUP, CAKE GEL (EMULSIFIERS [MONO - AND DI-GLYCERIDES OF FATTY ACIDS (FROM PALM OIL), SALTS OF MYRISTIC, PALMITIC AND STEARIC ACIDS WITH AMMONIA, CALCIUM, POTASSIUM AND SODIUM (FROM PALM OIL), PROPYLENE GLYCOL ESTERS OF FATTY ACIDS (FROM PALM OIL)], HUMECTANT (INS 422)), MILK SOLIDS (1.61%), RAISING AGENTS [INS 500(II), INS 450(1), INS 450(VII), INS 503(II)], EMULSIFIERS [POLYGLYCEROL ESTERS OF FATTY ACID (FROM PALM OIL), LECITHIN (FROM SOYABEAN)], STABILIZERS (INS 407, INS 415), ACIDITY REGULATOR (INS 330), PRESERVATIVE (INS 202), HYDROLYSED VEGETABLE PROTEIN, NATURE IDENTICAL FLAVOURING SUBSTANCES, IODIZED SALT, FLOUR TREATMENT AGENT (INS 223) AND COLOUR (INS 102). CONTAINS WHEAT, MILK, SOY, SULPHITE. MAY CONTAIN NUT.",e,4,https://images.openfoodfacts.org/images/products/890/172/501/4988/front_en.3.400.jpg,,,yes,4/8
8902579107048,Bottled water,Parle,Waters,500 ml,,,,PACKAGED DRINKING WATER,unknown,,https://images.openfoodfacts.org/images/products/890/257/910/7048/front_en.3.400.jpg,,,yes,5/8
8901719135569,Parle m,Parle,Biscuits,,,,,,unknown,,https://images.openfoodfacts.org/images/products/890/171/913/5569/front_en.14.400.jpg,,,yes,3/8
8901207053634,Real Coconut water pet 1ltr,,Waters,,,,,,unknown,1,https://images.openfoodfacts.org/images/products/890/120/705/3634/front_en.13.400.jpg,,,yes,2/8
7622202325991,50% Dark Chocolate,Cadbury Bournville,Dark chocolates,75,,,,,e,,https://images.openfoodfacts.org/images/products/762/220/232/5991/front_en.3.400.jpg,,,yes,4/8
7622202304309,Cadbury hot chocolate pwd 200g,,"Cocoa powder for beverages with sugar, Instant chocolate powders",,,,,"Sugar, Cocoa Powder Artificial (Vanitial Flavouring Substances",unknown,,https://images.openfoodfacts.org/images/products/762/220/230/4309/front_en.3.400.jpg,,,yes,3/8
8901063365933,Gobbles fruit cake,Britannia,"Confectioneries, Cakes",100g,,,,"REFINED WHEAT FLOUR (MAIDA), EGG, SUGAR, VANASPATI, FRUIT PRODUCTS (7.4%) (GLAZED FRUITS (PAPAYA CUTS, SUGAR, PRESERVATIVE (202) AND COLOURS (124 & 110)} AND ORANGE PULP), INTERESTERIFIED VEGETABLE FAT, HUMECTANT (422), REFINED PALMOLEIN OIL, LIQUID GLUCOSE, DEXTROSE, HIGH MALTOSE SYRUP, FRUCTOOLIGOSACCHARIDES, CAKE GEL [EMULSIFIERS (471, 477,470(i)) & HUMECTANTS (1520,422)], EDIBLE MAIZE STARCH, WHEAT STARCH, RAISING AGENTS (341(i), 500(ii), 450(vii) & 450(i)), NATURE IDENTICAL AND ARTIFICIAL (MIXED FRUIT AND CREAMY VANILLA) FLAVOURING SUBSTANCES, IODIZED SALT, INVERT SUGAR SYRUP, PRESERVATIVES (202& 282), ACIDITY REGULATOR (330), BAKING POWDER, EMULSIFIER (475), STABILIZER (415) AND COLOUR (102).",e,4,https://images.openfoodfacts.org/images/products/890/106/336/5933/front_en.4.400.jpg,,,yes,5/8
8901058014235,Maggi,Neslé,Instant noodles,,,,,"Refined wheat flour, Palm oil, Iodized salt, Wheat gluten, Thickeners ( 508 & 412), Acidity regulators, Humectant",unknown,4,https://images.openfoodfacts.org/images/products/890/105/801/4235/front_en.3.400.jpg,,,yes,4/8
8901719135170,parle monaco 700g,Parle,Biscuits,696 g (43.5g * 16 units),,,,,unknown,,https://images.openfoodfacts.org/images/products/890/171/913/5170/front_en.16.400.jpg,,,yes,4/8
8901030953200,Kissan No onion no garlic Tomato Ketchup,Kissan,Ketchup,850 g,,,,"WATER, TOMATO PASTE' (28%), SUGAR, IODISED SALT, ACIDITY REGULATOR (260), STABILIZERS (1422, 415), PRESERVATIVE (211), SPICES AND CONDIMENTS.",e,4,https://images.openfoodfacts.org/images/products/890/103/095/3200/front_en.27.400.jpg,,,yes,5/8
8908000703018,Oxycool,,Waters,,,,,,b,1,https://images.openfoodfacts.org/images/products/890/800/070/3018/front_en.4.400.jpg,,,yes,2/8
8904132976368,campa energy drink,,Energy drinks,,,,,,unknown,,https://images.openfoodfacts.org/images/products/890/413/297/6368/front_en.3.400.jpg,,,yes,2/8
7622202271861,Dairy Milk Silk Bubbly Chocolate,Cadbury,Confectioneries,46g,,,,"Sugar, Milk solids(25%*), Cocoa butter, Cocoa solids, Emulisifiers(442,476), Flavours(natural, nature, identical, and artificial (vanilla) flavouring substances)",e,4,https://images.openfoodfacts.org/images/products/762/220/227/1861/front_en.9.400.jpg,,,yes,5/8
89008492,Milkybar,Nestlé,"Chocolates, Candy chocolate bars",10g,,,,"Westie SA, Avenue Nestlé 55, Sugar, Liquid glucose, Milk solids (16%), Hydrogenated vegetable fats, Fractionated vegetable fat, Emulsifier (Soya lecithin), Color (162), Artificial (Strawberry and Vanillal flavouring substances, Stabilizer (501), Acidity regulator (330) and Nature-Identical flavouring substance. Allergen Note: Contains Soy, Wheat, Milk and Sesame. May Contains Barley. For MED-USE BY-Lot No: See under the sea",e,4,https://images.openfoodfacts.org/images/products/000/008/900/8492/front_en.3.400.jpg,,,yes,5/8
8901088882583,Saffola Honey,Saffola,Honeys,,,Green Dot India,,,unknown,2,https://images.openfoodfacts.org/images/products/890/108/888/2583/front_en.3.400.jpg,,,yes,4/8
8902346050133,Enerzal Orange Flavour,FDC,Energy drinks,200ml,,"No preservatives, Green Dot India",,"Water, Sucrose (5.63%), Reconstituted to (10.5%) Orange Juice from Orange Juice Concentrate, Glucose (1.64%), Acidity Regulators [INS 330, INS 331(i), INS 339(i)], Nature Identical Flavouring Substance (Orange) and Natural Flavour, Sodium Chloride, Potassium Chloride, Magnesium Sulphate, Calcium Lactate & Colour(INS 110)",d,4,https://images.openfoodfacts.org/images/products/890/234/605/0133/front_en.3.400.jpg,,,yes,6/8
7622202324871,Gadour Dairy milk chocolate fruit & nut,Cadbury,"Chocolate candies, Chocolates",,,,,Serving waald g. No. of serving per package TION,e,,https://images.openfoodfacts.org/images/products/762/220/232/4871/front_en.3.400.jpg,,,yes,4/8
8909081003394,WOWZERS,,Biscuits,,,,,,unknown,,https://images.openfoodfacts.org/images/products/890/908/100/3394/front_en.3.400.jpg,,,yes,2/8
8901468119780,Pitambari Ruchiyana Jaggery Powder,"Pitambari, Ruchiyana",Jaggery,500g,,Green Dot India,,Jaggery Powder,e,2,https://images.openfoodfacts.org/images/products/890/146/811/9780/front_en.6.400.jpg,,,yes,6/8
8906006330269,Gemini,Cargill,Soybean oils,870,,,,"Refined Soyabean Oil, Antioxidant (INS 319), Vitamins (A, D), Antifoaming Agent (INS 900a) Saturated Fatty Acids may vary by Season, Region, Seed, Crop etc. DE",c,4,https://images.openfoodfacts.org/images/products/890/600/633/0269/front_en.3.400.jpg,,,yes,5/8
8901058018639,Milkybar,Nestlé,"Chocolates, Candy chocolate bars filled with milk and cereals",24.5gms,,,,,unknown,,https://images.openfoodfacts.org/images/products/890/105/801/8639/front_en.3.400.jpg,,,yes,4/8
8901063142534,BRITANNIA nutri Choice,BRITANNIA,Biscuits,,,,,,unknown,,https://images.openfoodfacts.org/images/products/890/106/314/2534/front_en.12.400.jpg,,,yes,3/8
8901262040044,Amul shrikhand badam pista,Amul,Dairy desserts,,,Green Dot India,,,unknown,,https://images.openfoodfacts.org/images/products/890/126/204/0044/front_en.7.400.jpg,,,yes,4/8
7622202346385,Cadbury Dairy Milk,Cadbury,Chocolates,100g,,,,"Sugar, Milk Solids (23%*), Cocoa Butter, Cocoa Solids, Fractionated Fat, Emulsifiers (442,476), Flavours (Natural, Nature Identical and Artificial (Vanilla) Flavouring Substances). CONTAINS COCOA BUTTER EQUIVALENT IN ADDITION TO COCOA BUTTER Allergen Information: Contains Milk, Soy May Contain Tree Nuts, Wheat, Barley",e,4,https://images.openfoodfacts.org/images/products/762/220/234/6385/front_en.10.400.jpg,,,yes,5/8
8906004561818,RINGS,,"Confectioneries, ABCDEF",,,,,,unknown,,https://images.openfoodfacts.org/images/products/890/600/456/1818/front_en.3.400.jpg,,,yes,2/8
8908010900056,Peanut butter,Pintola,"Butters, Peanut butters",350g,,,,,a,2,https://images.openfoodfacts.org/images/products/890/801/090/0056/front_en.3.400.jpg,,,yes,4/8
3948764012303,Coca cola 1ltr,,"Colas, Cold Drink",2 x 1 l,,,,"CARBONATED WATER, SUGAR, ACIDITY REGULATOR (338), CAFFEINE (8.7 mg/100 g). COLOUR (150d), FLAVOURS (NATURAL FLAVOURING SUBSTANCES).",unknown,4,https://images.openfoodfacts.org/images/products/394/876/401/2303/front_en.9.400.jpg,,,yes,4/8
89006610,Orbit Chewing Gum,Wrigley's,Sugar-free chewing gum,22g,Plastic,,,"BULKING AGENTS (SORBITOL, MALTITOL, MANNITOL), GUM BASE (CONTAINS SOYBEAN LECITHIN), COLOUR [INS 170 (I)], THICKENERS [(INS 414), (INS 1401)), FLAVOURS [NATURAL, NATURE-IDENTICAL AND ARTIFICIAL (MINT)], HUMECTANT [INS 422], SWEETENER [INS 951], ANTICAKING AGENT (INS 553(III)], GLAZING AGENT [INS 903], ANTIOXIDANT (INS 320].",not-applicable,4,https://images.openfoodfacts.org/images/products/000/008/900/6610/front_en.20.400.jpg,,,yes,6/8
8901719124143,ParleG gold 75 g,Parle,Biscuits,,,,,,e,,https://images.openfoodfacts.org/images/products/890/171/912/4143/front_en.8.400.jpg,,,yes,3/8
8901262060011,Cheese Spread,Amul,Cheese spreads,200 g,,Green Dot India,,"Milk Solids, Cheese, Common Salt, Permitted Emulsifiers (E339, E452, E471, E331) and Class II Preservatives (E234, E200)",e,4,https://images.openfoodfacts.org/images/products/890/126/206/0011/front_en.8.400.jpg,,,yes,6/8
8901058000276,Maggi 2 Mins Noodles 30 MRP,Maggi,Noodles,,,,,,unknown,,https://images.openfoodfacts.org/images/products/890/105/800/0276/front_en.3.400.jpg,,,yes,3/8
8901491001076,American Style Cream and onion chips,Lay's,Potato crisps,73g,,Green Dot India,,,e,,https://images.openfoodfacts.org/images/products/890/149/100/1076/front_en.12.400.jpg,,,yes,5/8
8904083300021,Paneer,Milky Mist,Paneer,200 g,,Green Dot India,,Milk Solids & Vinegar,c,3,https://images.openfoodfacts.org/images/products/890/408/330/0021/front_en.11.400.jpg,,,yes,6/8
5000171010025,Wild Pacific Red Salmon,John West,Canned salmons,210 g,"Metal, Canned, Steel","Green Dot, Sustainable Seafood MSC",,"red salmon 99 %, salt.",a,3,https://images.openfoodfacts.org/images/products/500/017/101/0025/front_en.38.400.jpg,,,yes,7/8
8901595862740,Red Chilli Sauce,Ching's,Hot sauces,200 g,,Green Dot India,,"Water, Sugar, Red Chilli (6%), Garlic, Ginger, lodised Salt, Thickener (INS 1422), Acidity Regulators (INS 261 INS 330), Emulsifying and Stabilizing Agent (INS 415), Preservative (INS 211). Allergen Advice: May contain: Wheat, Nut:, Sesame seeds Soy, Mustard and Milk.",e,4,https://images.openfoodfacts.org/images/products/890/159/586/2740/front_en.6.400.jpg,,,yes,6/8
8901207004421,Real fruits juss anar,Dabur,Fruit juices,1 l,"Paper, Tetra Pak",Green Dot India,,"Water, Pomegranate Pulp (30%), Sugar, Liquid Glucose, Pomegranate Juice Concentrate (0.95%), Acidity Regulator (INS 330), Iodized Salt, Antioxidant (INS 300), Colour [INS 162(ii)], and Flavour (Natural Flavouring Substances)",e,4,https://images.openfoodfacts.org/images/products/890/120/700/4421/front_en.7.400.jpg,,,yes,7/8
8906032011019,Nutrela Soya chunks  220gm,Nutrela,Plant-based foods,220g,,,,Defatted Soy,a,1,https://images.openfoodfacts.org/images/products/890/603/201/1019/front_en.8.400.jpg,,,yes,5/8
8904083302100,Fruit Yogurt Blueberry,Milky Mist,Fruit yogurts,100 g,,Green Dot India,,"Milk & Milk Solids, Sugar, Active Lactic Culture (Lbacillus delbrueckii subsp. bulgaricus, S.thermophilus), Stabilizing agent (INS 440), Fruit Content (6%) from Blueberry preparation (Blueberry Fruit, Sugar, Water, Stabilizer (INS 440), Acidifying agent (INS 330), Preservative (INS 202)), Colours (INS 122, INS 133), Flavor (Nature - Identical Flavoring Substances - Blueberry). Allergen Information: Contains Milk. Manufactured & Marketed by: MILKY MIST DAIRY FOOD PRIVATE LIMITED SF No.: 43/1,2,3, Pattakaranpalayam Village, Perundurai Taluk - 638 057, Erode District, fssai Tamil Nadu, India. Lic. No. 10017042003191 FOR FEEDBACK/ QUERIES CONTACT OUR CUSTOMER CARE EXECUTIVE TOLL FREE NUMBER 1800-419-9000 OR CONTACT AT MFD. & MARKETED BY ADDRESS Write to us: / visit us at: www.milkymist.com Net Quantity: 100 g For Batch No., Date of Packaging, Expiry Date MRP (incl. of all taxes) - SEE TOP OF THE PACK",c,4,https://images.openfoodfacts.org/images/products/890/408/330/2100/front_en.15.400.jpg,,,yes,6/8
8901063155442,Tiger Krunch ChocoChips,Britannia,Chocolate biscuits,31.5g,,,,,e,,https://images.openfoodfacts.org/images/products/890/106/315/5442/front_en.3.400.jpg,,,yes,4/8
8901491103282,Cheetos,PepisCo India,Corn chips,32 grams,,,,,unknown,,https://images.openfoodfacts.org/images/products/890/149/110/3282/front_hi.3.400.jpg,,,yes,4/8
7622202026423,Cadbury Bournvita 500g pet,,Mis,500 grm,,,,,unknown,,https://images.openfoodfacts.org/images/products/762/220/202/6423/front_en.3.400.jpg,,,yes,3/8
8902080104024,Pepsi cola,Pepsico,"Colas, Sweetened beverages",1 8902080104024,,,,"CARBONATED WATER, SUGAR, COLOUR (150d) ACIDITY REGULATOR (338 CONT 10mg/100g), FLAVOUR (NATURAL FLAVOURING SUBSTANCES), STABILIZER (436 )",e,,https://images.openfoodfacts.org/images/products/890/208/010/4024/front_fr.3.400.jpg,,,yes,5/8
09141209,Bourn Vita 500Gram Pauch,Cadbury,Instant chocolate powders,,,,,"glucose syrup, bulking agent (polydextrose), starch, humectant (sorbitol syrup), gelatine, sugar, acids (malic acid, acetic acid), concentrated fruit juices' (1 %) (apple, lime, orange, lemon, strawberry, blackcurrant, raspberry), colours (anthocyanins, vegetable carbon, paprika extract, lutein, curcumin), coconut oil, flavourings, glazing agent (carnauba wa 'equivalent to 6.9% fruit juice.",unknown,4,https://images.openfoodfacts.org/images/products/000/000/914/1209/front_en.18.400.jpg,,,yes,4/8
8902080000722,Slice,Pepsico,Ready to serve fruit beverage,125 ml,,,,"WATER, SUGAR, *CONCENTRATED MANGO PULP (5.1%), ACIDITY REGULATOR (330), FLAVOUR (NATURAL AND NATURE IDENTICAL FLAVOURING SUBSTANCES), STABILIZERS (466, 440), SWEETENER (960a), PRESERVATIVE (202), COLOUR (110). CONTAIN NON-CALORIC SWEETENER",c,4,https://images.openfoodfacts.org/images/products/890/208/000/0722/front_en.29.400.jpg,,,yes,5/8
8901063142114,Britannia Nutri Choice Oats,Britannia,Biscuits,75 g,,,,"WHEAT FLOUR (ATTA) (41.7%), SUGAR, REFINED PALM OIL, ROLLED DATS (14.3%), ALMONDS (5%), LIQUID GLUCOSE, WHEAT BRAN (2.4%), MALTODEXTRIN, RAISING AGENTS [500(ii), 503(ii) & 450(i)], MILK SOLIDS (1.6%), INVERT SUGAR SYRUP, DATS FIBRE (0.8%), EMULSIFIERS [322(i), 471 & 472e], FLAVOURS [ARTIFICIAL (MILK & BUTTER), NATURAL & NATURE IDENTICAL FLAVOURING SUBSTANCES], IODISED SALT AND COLOUR (150d). (Numbers in brackets as per International Numbering System) CONTAINS WHEAT, OATS, NUTS, MILK AND SOYA.",d,4,https://images.openfoodfacts.org/images/products/890/106/314/2114/front_en.3.400.jpg,,,yes,5/8
8906006720107,Qyno Dates,Lion,"Dried fruits, Dates",250 g,,Green Dot India,,Dates,d,1,https://images.openfoodfacts.org/images/products/890/600/672/0107/front_en.110.400.jpg,,,yes,6/8
8901014000159,nissin,Nissin,"Crisps, Instant noodles",80,,,,,unknown,,https://images.openfoodfacts.org/images/products/890/101/400/0159/front_en.13.400.jpg,,,yes,4/8
8901063142428,Nutri choice Digestive,Britania,Biscuits,,,,,"WHEAT FLOUR (ATTA) (65.5%), REFINED PALM OIL, SUGAR, WHEAT BRAN (2.6%), MALTODEXTRIN, MILK PRODUCTS [MILK SOLIDS & WHEY POWDER], INVERT SUGAR SYRUP, RAISING AGENTS [503(ii) & 500(ii)], IODISED SALT, EMULSIFIERS [322(i) & 471], MALT EXTRACT, NATURE IDENTICAL & ARTIFICIAL (VANILLA) FLAVOURING SUBSTANCES AND DOUGH CONDITIONER [223]. (Numbers in brackets as per International Numbering System) CONTAINS WHEAT, MILK, SOY, BARLEY AND SULFITE.",e,4,https://images.openfoodfacts.org/images/products/890/106/314/2428/front_en.3.400.jpg,,,yes,4/8
8902080704057,Lehar Soda 750ml pet,Pepsico,"Sodas, Carbonated waters",750ml,,Green Dot,,,unknown,1,https://images.openfoodfacts.org/images/products/890/208/070/4057/front_en.28.400.jpg,,,yes,5/8
8908008674785,Wafer richeese,Nabati,Biscuits,,,,,,e,,https://images.openfoodfacts.org/images/products/890/800/867/4785/front_en.3.400.jpg,,,yes,3/8
8901030783241,Lipton Green Tea honey lemon,"Lipton, Unilever",Green teas,,,Green Dot India,,"GREEN TEA, NATURAL FLAVOURING SUBSTANCES.",unknown,4,https://images.openfoodfacts.org/images/products/890/103/078/3241/front_en.29.400.jpg,,,yes,5/8
8901088069120,Saffola Honey Active,Saffola,Honeys,1kg,,Green Dot India,,,e,2,https://images.openfoodfacts.org/images/products/890/108/806/9120/front_en.7.400.jpg,,,yes,5/8
8906006720114,Qyno Dates,Lion,Dates,,,,,,a,,https://images.openfoodfacts.org/images/products/890/600/672/0114/front_en.4.400.jpg,,,yes,3/8
8904272600895,Storia Pomegranate 750ml,storia,Fruit-based beverages,1,,"No preservatives, Green Dot India",,"Water, Fruit Juice [Apple Concentrate 12% & Pomegranate Juice Concentrate 4%), Salt, Acidity Regulators [INS331(iii), INS330), Stevia INS960] and Antioxidant [INS300]. *Equivalent to 100% Fruit Juice (Reconstituted) CONTAINS ADDED NATURE IDENTICAL FLAVOURING SUBSTANCES (POMEGRANATE)",e,4,https://images.openfoodfacts.org/images/products/890/427/260/0895/front_en.32.400.jpg,,,yes,6/8
8901565001728,Piknik Classic Tomato Chilli (fried Indian snack),Piknik,Potato crisps,70g,Plastic,,"India, Maharashtra","Wheat Flour, Edible Starch, Edible Vegetable Oil, Flour of _Soya_, Corn & Potato, Sugar, Salt, Tomato Powder, Onion Powder, Garlic Powder, Chilli Pewder, Maltodextrin, Acidifying agent (E296, E330), Baking Powder, Ground Spices and Condiments. CONTAINS ADDED FLAVOURS (NATURAL AND NATURE IDENTICAL-TOMATO) Contains _Gluten_",unknown,4,https://images.openfoodfacts.org/images/products/890/156/500/1728/front_en.7.400.jpg,,,yes,7/8
8901888000347,Cranberry Juice By Real,Real,Fruit juices,1 litters,,,,"Water, Sugar, Concentrated Cranberry Juice (1.8%)^, Concentrated Apple Juice (0.79%)^, Acidity Regulator (INS 330), Flavours (Natural and Nature Identical Flavouring Substances).  Antioxidant (INS 300) and Colour [INS 163 (ii)].",e,4,https://images.openfoodfacts.org/images/products/890/188/800/0347/front_en.25.400.jpg,,,yes,5/8
8906080601934,Swing Juicier Drink Yummy Guava,Paper boat,"Fruit juices, Guava Juices",125 ml,,Green Dot India,,"WATER, GUAVA PUREE (14%). SUGAR, IODISED SALT, ACIDITY REGULATOR (330), FLAVOURS (NATURE-IDENTICAL AND NATURAL FLAVOURING SUBSTANCES), STABILIZERS (466, 412) AND ANTIOXIDANT (300).",unknown,4,https://images.openfoodfacts.org/images/products/890/608/060/1934/front_en.23.400.jpg,,,yes,6/8
8901725117504,No Rulz Curlz masala,Bingo,"Crackers (Appetizers), Puffed salty snacks made from maize",,,,,"DEGERMED CORN GRITS AND SEASONING {REFINED PALMOLEIN, *SPICES AND CONDIMENTS, IODIZED SALT, SUGAR, ONION POWDER, MALTODEXTRIN, NATURE IDENTICAL FLAVOURING SUBSTANCES, BLACK SALT, MILK SOLIDS, NATURAL FLAVOURS AND NATURAL FLAVOURING SUBSTANCES, GARLIC POWDER (0.2%) AND HYDROLYZED VEGETABLE PROTEIN}. *USED AS FLAVOURING AGENTS.",e,4,https://images.openfoodfacts.org/images/products/890/172/511/7504/front_en.5.400.jpg,,,yes,4/8
8901499009661,Kellogg's corn flakes original,Kellogg's,Corn flakes,65g,,,,,unknown,,https://images.openfoodfacts.org/images/products/890/149/900/9661/front_en.3.400.jpg,,,yes,4/8
8904132948198,Campa Lemon,"Campa Cola, Reliance Industries",Lemon soft drinks,500ml,Plastic Bottle,,India,"CARBONATED WATER, SUGAR, ACIDITY REGULATORS (330, 331) PRESERVATIVE (211), NATURE IDENTICAL FLAVOURING SUBSTANCES",e,4,https://images.openfoodfacts.org/images/products/890/413/294/8198/front_en.14.400.jpg,,,yes,7/8
8906011145049,B protein,british biologicals,Bodybuilding supplements,500g,Plastic,,bengaluru,"Proprietary blend of high quality protein (Whey protein concentrate, Soy protein isolate), Skdmmed milk powder, Sucrose, Maltodextrin, Malt extract, Natural cocoa powder, Inulin (Detary fibre), Oleic sunflower oil powder, Minerals, Vitamins Allergen Information: Contains Milk, Soy ingredients Calorific Distrihution Protein",unknown,4,https://images.openfoodfacts.org/images/products/890/601/114/5049/front_en.4.400.jpg,,,yes,7/8
8901499009043,kelloggs chocos multigrain,Kellogg's,Breakfast cereals filled with chocolate,1.20kg,,,,,d,,https://images.openfoodfacts.org/images/products/890/149/900/9043/front_en.12.400.jpg,,,yes,4/8
8908012605010,Tomato Ketchup,Heinz,Tomato Ketchup,450 g,,,,"Water Tomato Paste (26%), Sugar, Brewed Vinegar, lodized Salt, Mixed Spices and Herbs, Onion & Garlic.",e,3,https://images.openfoodfacts.org/images/products/890/801/260/5010/front_en.30.400.jpg,,,yes,5/8
8904335602385,Yoga Bar Protein Bar,Yoga Bar,Protein Energy Bars,50g,,"No gluten, No preservatives, 100% natural, Green Dot India",,"Dates 50%, Protein Blend 21% ( Soy + WPC), Cashew Butter 14%, Dried Fruit 9% (Raisins, Blueberry), Nuts & Seeds 6% (Almond, Sunflower Seeds)",not-applicable,3,https://images.openfoodfacts.org/images/products/890/433/560/2385/front_en.20.400.jpg,,,yes,6/8
3948764362309,Minute maid pulpy orenge,Drink,Orange juices,1l,,,,,unknown,,https://images.openfoodfacts.org/images/products/394/876/436/2309/front_en.3.400.jpg,,,yes,4/8
8904132948174,Campa (cola) 500ml pet,,Colas,500ml,,,,,e,,https://images.openfoodfacts.org/images/products/890/413/294/8174/front_en.3.400.jpg,,,yes,3/8
8904043554716,Crem Treat Vanilla Crem bun,"Bimbo, Modern",Bread rolls,,,Green Dot India,,"Refined Wheat Flour (Maida), Bun Icing (Sugar, Edible Vegetable Fat (Interesterified), Humectant (422), Stabilizer (412), Preservative (200), Turmeric Extract, Artificial Flavouring Substances (Vanilla and Butterscotch]&quot;, Sugar, Glazed Fruit (3.68%) [Papaya, Sugar, Acidity Regulator (330), Preservative (211), Food Colour (129)], Edible Vegetable Fat (Interesterified), Gluten, Yeast, lodized Salt, Soya Flour, Preservative (282), Emulsifier (4810).",e,4,https://images.openfoodfacts.org/images/products/890/404/355/4716/front_en.18.400.jpg,,,yes,5/8
8901491001069,India’s Magic Masala 30,Lay's,Crisps,67g,,,,,e,,https://images.openfoodfacts.org/images/products/890/149/100/1069/front_en.3.400.jpg,,,yes,4/8
8907316003966,Ginger garlic paste,,,,,,,"Ginger (34%), Garlic (32%), Water, lodized Salt, Acidity Regulator (INS 260), Stabilizer (INS 415) & Turmeric Powder. May Contain Milk, Soy, Nut, Peanut, Wheat and Sulphite.",unknown,4,https://images.openfoodfacts.org/images/products/890/731/600/3966/front_en.7.400.jpg,,,yes,2/8
8901058905113,Kit kat,Nestlé,Chocolate snacks,57 g (2 UNITS x 28.5 g),,Vegetarian,,"Sugar, Milk solids (16.2%), Fractionated vegetable fat, Hydrogenated vegetable fats, Refined Wheat flour (Maida), Cocoa solids (4.5%), Emulsifier (Soya lecithin), Yeast, Raising agent (500ii), Artificial (Vanilla) flavouring substance, Iodised salt, Flour treatment agent (516) and Nature-identical flavouring substance.",e,4,https://images.openfoodfacts.org/images/products/890/105/890/5113/front_fr.3.400.jpg,,,yes,6/8
8901030976742,Knorr,Knorr,Ramen,110,,No preservatives,,,e,,https://images.openfoodfacts.org/images/products/890/103/097/6742/front_en.22.400.jpg,,,yes,5/8
8901725004682,farmlite oats & chocolate Cookies,"ITC, Sunfeast",Chocolate biscuits,150 g,,"No Trans fat, Green Dot India",,"Wheat flour (Atta) (31.3%), Oat flakes (20.3%), Sugar, Refined palm oil, Plain chocolate chips (6.2%) {Sugar, Cocoa solids, Cocoa butter, Dextrose, Emulsifier [Lecithin (from soybean)], Natural flavours and natural flavouring substances}, Liquid glucose, Invert syrup, Raising agents [INS 503 (ii), INS 500(ii), INS 450(i)], Cocoa solids (1.4%), Almond (1.4%), Maltodextrin, lodized salt, Artificial flavouring substances (Milk, Vanilla) and Emulsifier [Lecithin (from Soyabean)] CONTAINS WHEAT, OATS, MILK, SOY, NUT. MAY CONTAIN SULPHITE",e,4,https://images.openfoodfacts.org/images/products/890/172/500/4682/front_en.3.400.jpg,,,yes,6/8
8901063142213,Britannia nutri choice 75g,Britannia,Biscuits,,,,,,unknown,,https://images.openfoodfacts.org/images/products/890/106/314/2213/front_en.3.400.jpg,,,yes,3/8
8904320015398,Peanut butter Creamy,Disano,"Nut butters, Creamy peanut butters",924g,,Green Dot India,,"Roasted Peanuts (91%), Sugar, Stabilizer(INS471), lodised Salt.",c,4,https://images.openfoodfacts.org/images/products/890/432/001/5398/front_en.9.400.jpg,,,yes,6/8
8901262173506,Amul Ice Cream,Amul,Ice creams,,,,,,unknown,,,,,no,3/8
8000500411018,Tic Tac Orange,Tic Tac,Candies,13 g,,,,"Proprietary Food - Hard Candy (5.2.1) INGREDIENTS: SUGAR, MALTODEXTRIN, PERMITTED ADIDULANT (INS 330), RICE STARCH, FLAVOURS (NATURAL FLAVOUR AND NATURE-IDENTICAL FLAVOURING SUBSTANCES), THICKENER (INS 414), ANTICAKING AGENT (INS 470) GLAZING AGENT (INS 903). NUTRITIONAL INFORMATION Per 100 g: Energy 398 kcal, Protein 0.1 g. Carbohydrates 96.7 g. Total Sugars 93.3 g, Added Sugars 91.7 g. Total Fat  0.7 g. Saturated Fat 0.7 g, Trans Fat 0 g, Cholesterol 0 mg, Sodium 11 mg. Per serve RDA%: Energy 0%, Protein 0%, Carbohydrates, Total Sugars, Added Sugars 1%, Total Fat 0%, Saturated Fat 0%, Trans Fat 0%, Cholesterol, Sodium 0%. Serving size: 0.49 g (1 pil)",unknown,4,https://images.openfoodfacts.org/images/products/800/050/041/1018/front_en.3.400.jpg,,,yes,5/8
8901262151306,Kool cafe,Amul,Coffees,,,,,,e,,https://images.openfoodfacts.org/images/products/890/126/215/1306/front_en.4.400.jpg,,,yes,3/8
8901393024197,Happy dent white,,Sugar-free chewing gum,,,,,,not-applicable,,https://images.openfoodfacts.org/images/products/890/139/302/4197/front_en.3.400.jpg,,,yes,2/8
8904004400922,Haldiram's mixture,Haldiram's,,22g,,,,expiry date,unknown,,https://images.openfoodfacts.org/images/products/890/400/440/0922/front_en.3.400.jpg,,,yes,4/8
8906036300027,peanut chikki,karia's,"Chikki, Brittle, Peanut-brittle",100 g,,"No gluten, Green Dot India",,"Peanut, Jaggery and Liquid Glucose Contains Added Flavour (Nature Identical & Artificial Flavouring Substances-Vanilla). Contains Peanut Allergen information: This product was manufactured in a plant that also processes product containing peanuts, almonds, pistachio, tree nuts and sesame.",unknown,4,https://images.openfoodfacts.org/images/products/890/603/630/0027/front_en.7.400.jpg,,,yes,6/8
80768258,健達奇趣蛋(女孩版),"Ferrero, Kinder",Chocolate candies,20g,,,,price 4.50,e,,https://images.openfoodfacts.org/images/products/000/008/076/8258/front_zh.60.400.jpg,,,yes,5/8
8901117249998,Prolyte ORS Apple Flavour,Prolyte,Dietary drink for sport,200ml,,,,,unknown,,https://images.openfoodfacts.org/images/products/890/111/724/9998/front_en.10.400.jpg,,,yes,4/8
8906090572132,Munchy masala,,,,,,,,unknown,,https://images.openfoodfacts.org/images/products/890/609/057/2132/front_en.3.400.jpg,,,yes,1/8
8906080603914,Swing pomegranate,Paper boat,,250ml,,,,,unknown,,https://images.openfoodfacts.org/images/products/890/608/060/3914/front_en.3.400.jpg,,,yes,3/8
8901786080502,Everest Sambhar Masala,Everest,"Spices, Groceries",50 g,"Plastic, Cardboard box",Green Dot India,,,not-applicable,,https://images.openfoodfacts.org/images/products/890/178/608/0502/front_en.13.400.jpg,,,yes,6/8
8901030944376,Hazelnut Choco Peanut spread,Kissan,Chocolate spreads,,,Green Dot India,,"ROASTED PEANUTS-63%, DARK CHOCOLATE COMPOUND - 30% [SUGAR, EDIBLE VEGETABLE OIL (PALMOLEIN, PALM OIL), COCOA SOLIDS, HYDROGENATED PALM FAT, EMULSIFIER-E322 (1), NATURE IDENTICAL FLAVOURING SUBSTANCES(HAZELNUT)], SUGAR, HYDROGENATED PALM OIL, IODISED SALT.",unknown,4,https://images.openfoodfacts.org/images/products/890/103/094/4376/front_en.3.400.jpg,,,yes,5/8
8901764092282,Maaza,Coca-Cola,Sweetened beverages,,,,,"INGREDIENTS WATER, MANGO PULP (16.9%) SUGAR, ACIDITY REGULATORS (330, 331(iii)). ANTIOXIDANT (300), PRESERVATIVE (202). COLOUR (110) AND ADDED MANGO FLAVOURS (NATURAL, NATURE-IDENTICAL AND ARTIFICIAL FLAVOURING SUBSTANCES).",unknown,4,https://images.openfoodfacts.org/images/products/890/176/409/2282/front_en.15.400.jpg,,,yes,4/8
8904004409222,Instant Bhel,Haldiram's,Puffed rice blend,44 g,Plastic,Green Dot India,,"Refined Palmolein Oil, Puffed Rice (22%), Bengal Gram Lentils (14%), Bengal Gram Flour (Besan) (11%), Refined Sugar, Refined Wheat Flour (Maida), Groundnut (Peanuts) (3%), Edible Common Salt, Red Chilli Powder, Tomato Powder, Dried Mango Powder, Tamarind Powder, Dried Ginger Powder, Black Salt, Coriander Powder, Turmeric Powder, Date Powder, Onion Powder, Green Chilli Powder, Cumin Powder, Cardamom, Cinnamon, Clove Powder, Ajwain, Acidity Regulator (INS 330), Nutmeg, Bay Leaves, Black Cumin & Colour (Paprika INS 160 c)",e,4,https://images.openfoodfacts.org/images/products/890/400/440/9222/front_en.4.400.jpg,,,yes,7/8
8901262030243,Amul gee,Amul,Butters,1L,,Green Dot India,,,e,2,https://images.openfoodfacts.org/images/products/890/126/203/0243/front_en.17.400.jpg,,,yes,5/8
8904089920490,Heritage Total Curd,heritage,Curd,,,,,"Pasteurised Toned Milk & Active Lactic Cultures, Made from Toned Milk Allergen Information: Contains Milk",a,,https://images.openfoodfacts.org/images/products/890/408/992/0490/front_en.9.400.jpg,,,yes,4/8
8901063016934,BRITANNIA 5050,BRITANNIA,Biscuits,69.2g,,,,,unknown,,https://images.openfoodfacts.org/images/products/890/106/301/6934/front_en.12.400.jpg,,,yes,4/8
8901499010728,Kellogg's chocos,Kellogg's,Breakfast cereals,385,,,,,unknown,,https://images.openfoodfacts.org/images/products/890/149/901/0728/front_en.14.400.jpg,,,yes,4/8
8904004409260,Potato Lite,Haldiram's,Snacks,,,,,,unknown,,https://images.openfoodfacts.org/images/products/890/400/440/9260/front_en.3.400.jpg,,,yes,3/8
8901063325036,Britannia toastea 250gm,Britannia,"Rusks, Toaste",250g,,,,"REFINED WHEAT FLOUR (MAIDA) (71%), SUGAR, REFINED PALM AND PALMOLEIN OIL, SEMOLINA (SUJI) (1.8%), YEAST, VITAL GLUTEN, COLOUR (150a), INVERT SUGAR SYRUP, IODISED SALT, EMULSIFIERS (472e, 471), SPICE (0.3%) (GREEN CARDAMOM SEEDS), BREAD IMPROVER (STARCH, SOYA FLOUR, IMPROVERS [1100(i), 1104, 1102]), WHEAT FIBER, NATURE IDENTICAL & ARTIFICIAL (MILK) FLAVOURING SUBSTANCES AND ANTIOXIDANT (300). (Numbers in brackets as per International Numbering System) CONTAINS WHEAT AND SOY",d,4,https://images.openfoodfacts.org/images/products/890/106/332/5036/front_en.10.400.jpg,,,yes,5/8
8904327600887,Peanut butter,MyFitness,Peanut butters,,,,,,c,,https://images.openfoodfacts.org/images/products/890/432/760/0887/front_en.18.400.jpg,,,yes,3/8
8901719117213,Parle HIDEGSEEK,Parle,Biscuits,100g,,,,,unknown,,https://images.openfoodfacts.org/images/products/890/171/911/7213/front_fr.15.400.jpg,,,yes,4/8
8906009501017,Full cream milk,Chitale,Milks,500ml,,,,Milk,d,1,https://images.openfoodfacts.org/images/products/890/600/950/1017/front_en.11.400.jpg,,,yes,5/8
8909081001185,Bounce Orange Cream Biscuit,Sunfeast,Biscuits,62g,,Green Dot India,,,unknown,,https://images.openfoodfacts.org/images/products/890/908/100/1185/front_en.3.400.jpg,,,yes,5/8
8903553601439,Ram Bandhu Mango pickle,Ram bandhu,Plant-based pickles,200g,,Green Dot India,,,unknown,,https://images.openfoodfacts.org/images/products/890/355/360/1439/front_en.3.400.jpg,,,yes,5/8
8906136651951,Pintola High Protein Oats Dark Chocolate,Pintola,"Breakfast cereals, Bodybuilding supplements",400g,,Green Dot India,,"Oats (43%), Protein Blend (26%) {Texturized Soy Protein, Soy Protein Isolate, Whey Protein Concentrate}; Dry Fruit, Nut & Seeds (12%) (Raisins, Almonds, Pumpkin Seeds, Chia Seeds}; Organic Jaggery, Cocoa Solids (7%), Jowar Flakes, Himalayan Pink Salt. Allergen Information: Contains Oats, Nuts, Soy & Milk.",not-applicable,4,https://images.openfoodfacts.org/images/products/890/613/665/1951/front_en.10.400.jpg,,,yes,6/8
8906017290071,Bisleri 5L,,,,,,,,unknown,,https://images.openfoodfacts.org/images/products/890/601/729/0071/front_en.4.400.jpg,,,yes,1/8
8901063012752,BRITANNIA MiIk Biscuits,,Biscuits,,,,,,unknown,,https://images.openfoodfacts.org/images/products/890/106/301/2752/front_en.6.400.jpg,,,yes,2/8
7622202272608,chocolate,,"Chocolates, Dairy milk",,,,,,unknown,,,,,no,2/8
8901088069106,Saffola Honey Sundarbans,Saffola,Honeys,,,Green Dot India,,,unknown,2,https://images.openfoodfacts.org/images/products/890/108/806/9106/front_en.7.400.jpg,,,yes,4/8
8901192215864,Catch peri peri,,,100 grams,,,,"Chillies and Capsicum Whole, lodized Salt, Dehydrated Garlic Whole, Plantation White Sugar, Dried Onion, Pepper Black Whole, Tamarind Powder, Herbs, Instant Dry Yeast, Citric Acid (INS 330), Silicon Di Oxide (INS 551), Disodium 5 - Ribonucleotides (INS 635), Spice Oleoresins, Mono Sodium Glutamate (INS No. 621), Refined Sunflower Oil, Nature Identical Flavouring Substances (Lemon). Spice content-62%, Salt content - 20% (Approx) This package of CATCH PERI PERI MASALA contains added MONO SODIUM GLUTAMATE (INS NO 621). NOT RECOMMENDED FOR INFANTS BELOW 12 MONTHS.",unknown,4,https://images.openfoodfacts.org/images/products/890/119/221/5864/front_en.17.400.jpg,,,yes,3/8
7622202252396,OREO 30/-,Oreo,Filled biscuits,,,,,,e,,https://images.openfoodfacts.org/images/products/762/220/225/2396/front_en.16.400.jpg,,,yes,3/8
8901499009708,Kellogg's Choco fills,Kellogg's,"Breakfast cereals, Chocolates",153,,,,"MULTIGRAIN FLOUR WXS FLOUR (ATTA) (35.7% WHOLE CATS FOR CORN MEAL (9) CHOCO CREAM SUGAR VEGETABLE OIL SUNFLOWER OIL PRIMO SOLIDS (6.3%), MILK SOLIDS EMULSIFIER FLAVOUR (NATURAL, SUGAR COCOA SOU IODIZED SALT, ANTIOXIDANT (NS 3078) ALLERGEN DECLARATION: CONTAINS OATS, SOY&MILK. MAY CONTAIN NUTS VITAMIN B6, B12&FOLATE CONTRIBUTE TO FUNCTION OF IMMUNE SYSTEM &quot;GUIDELINE DAILY AMOUNT (2000 6%",d,,https://images.openfoodfacts.org/images/products/890/149/900/9708/front_en.3.400.jpg,,,yes,5/8
8901719135743,Parle G gold,Parle,Biscuits,,,,,"REFINED WHEAT FLOUR (MAIDA) (63%), SUGAR, REFINED PALM OIL, INVERT SUGAR SYRUP [SUGAR, CITRIC ACIDI, MILK SOLIDS (1%), IQDISED SALT, RAISING AGENTS [503(ii),500 (ii)], FLOUR TREATMENT AGENT [1101(ii)] AND EMULSIFIER OF VEGETABLE ORIGIN [472e] CONTAINS ADDED FLAVOUR (ARTIFICIAL FLAVOURING SUBSTANCES-VANILLA *(D-GLUCOSE, LEVULOSE) CONTAINS: WHEAT, MILK USE OF TRADEMARK UNDER LICENCE FROM PARLE PRODUCTS PVT. LTD., MUMBAL 星雲 Dispose as DRY WASTE",unknown,4,https://images.openfoodfacts.org/images/products/890/171/913/5743/front_en.4.400.jpg,,,yes,4/8
8903241110793,Pravin,Suhana,Mango pickle,200g,,,,,e,,https://images.openfoodfacts.org/images/products/890/324/111/0793/front_en.4.400.jpg,,,yes,4/8
8906090574556,Too Yumm! Namkeen - All In One,Too Yumm,Snacks,400 g,,Green Dot India,,"Edible Vegetable Oil (Rice Bran), Gram Flour (13.6%), Rice Flake (11.8%), Corn Flakes (9.9%), Seasoning (Sugar, Iodised Salt, &quot;Spices & Condiments [Fennel (5.5%)], Acidity Regulator (INS 330). Natural And Nature Identical Flavouring Substance Anticaking Agent (INS 551)}, Peanuts (6.5%), Starch, Rice Flo (4.3%), Split Bengal Gram (3.7%), Pea Flour (3.3%), Flattened Bengal Gram (2.5%), Lentil (1.9%), Cashew Nuts (0.9%), Raisins (0.8%), Turmeric Powder, Split Green Gram (0.5%), Coriander Seeds (0.4%), Iodised Salt, Sago (0.2%), Red Chilli Powder,",e,4,https://images.openfoodfacts.org/images/products/890/609/057/4556/front_en.8.400.jpg,,,yes,6/8
8901063014145,Vita Marie Gold,Britannia Industries Ltd,Biscuits,150 g,,Green Dot India,,"REFINED WHEAT FLOUR (MAIDA) (66%), SUGAR, REFINED PALM OIL, MILK PRODUCTS (WHEY POWDER, SWEETENED CONDENSED PARTLY SKIMMED (MILK & EDIBLE LACTOSE], INVERT SUGAR SYRUP, RAISING AGENTS [503) & 500)], 100ISED SALT, EMULSIFIERS [471&3 ARTIFICIAL (MILK, BUTTER & VANILLA) FLAVOURING SUBSTANCES, VITAMINS, DOUGH CONDITIONER (223) AND MINERALS (Numbers in brackets as per International Numbering System) CONTAINS WHEAT, MILK, SOY AND SULPHITE",unknown,4,https://images.openfoodfacts.org/images/products/890/106/301/4145/front_en.10.400.jpg,,,yes,6/8
8901719130854,Melody Chocolate,Parle,Chocolate candies,,,,,,unknown,,,,,no,3/8
8904004403633,tasty nuts,Haldiram's,Coated peanuts,200 g,,,,"Groundnuts (Peanuts), Refined Palmolein Oil, Bengal Gram Flour (Besan), Maize Starch, iodised Salt, Red Chilli, Acidity Regulator (INS 330), Turmeric, Black Salt, Black Pepper, Dried Ginger Powder, Cardamom, Cumin, Cinnamon, Clove, Bay Leaf, Nutmeg & Asafoetida.",unknown,3,https://images.openfoodfacts.org/images/products/890/400/440/3633/front_en.3.400.jpg,,,yes,5/8
8906004561900,Wheels Chatpata Masala Flavour,Yellow Diamond,Chips and fries,20g,,,,"Refined Wheat Flour {Maida (53.5%)}, Edible Vegetable Oil (Palmolein Oil), Starch (7.8%), Suga lodised Salt, Dehydrated Vegetable Powder (Onion Powder Garlic Powder, Tamarind Powder), *Spice & Condiments {Dry Mango Powder, Cumin Powder, Ginger Powder (0.35%), Chilli Powder (0.3%), Black Pepper Powder (0.05%)}, Acidity Regulator (INS 330, INS 296, INS 334) Colour (INS 160c), Flavour (Natural & Nature Identical Flavouring Substances) & Anti Caking Agent (INS 551) *Used as natural flavouring agent. Contains: Wheat May Contains Soy, Nut & Milk.",e,4,https://images.openfoodfacts.org/images/products/890/600/456/1900/front_en.3.400.jpg,,,yes,5/8
7622202325939,Cadbury Bournville,Cadbury,Candy chocolate bars,78,,Vegetarian,,"Sugar, Cocoa Butter (24%), Cocoa Solids (18%), Dried Sweetened Cranberries (11%) (Cranberries, Sugar), Almonds (7%), Milk Solids, Emulsifiers (442, 476), Flavours (Natural and Nature Identical Flavouring Substances)",e,4,https://images.openfoodfacts.org/images/products/762/220/232/5939/front_en.3.400.jpg,,,yes,6/8
8902967215539,Royal Challenge Whisky,Royal Challenge,Whisky,180ml,,,,"Demineralised Water, Grain Neutral Spirit, Scotch, CONTAINS PERMITTED NATURAL COLOUR (150a) AND ADDED NATURE IDENTICAL (WHISKY) FLAVOURING SUBSTANCES",not-applicable,4,https://images.openfoodfacts.org/images/products/890/296/721/5539/front_en.9.400.jpg,,,yes,5/8
8903363008275,Roasted Yellow Chana,Dmart Premia,"Pulses, Roasted chana",200 grams,,,,"Marked By: Avenue Supermarts Ltd. (ASL), Anjaneya Ltd., Orchard Avenue, Opp. Hiranandani ndation School, Powai, Mumbai-400076, Maharashtra. fssat Lic. No. 10018022008191 For Feedback/Suggestions, Please Contact Consumer are Executive At 'Marketed By' Address Email suggestion@dmartindia.com Phon No.: 022-71230555 dients: Roasted Gram, Edible Common Salt & Turmeric (No. of Servings per Pack = 4 ]",e,,https://images.openfoodfacts.org/images/products/890/336/300/8275/front_en.6.400.jpg,,,yes,5/8
8901725007096,Potato Chips Salted,"Bingo, ITC",Potato crisps,21.4g,,Green Dot India,,"POTATO (89.1%), *EDIBLE VEGETABLE OIL AND IODIZED SALT (0.42%).",e,3,https://images.openfoodfacts.org/images/products/890/172/500/7096/front_en.9.400.jpg,,,yes,6/8
19017648,The Coca Cola Company,Thumbs Up,"Artificially sweetened beverages, Colas, Sweetened beverages",2.25Litres,,Fssai 10012011000620,,"CARBONATED WATER, SUGAR, ACIDITY REGULATOR (338) CAFFEINE (8.1 mg/100 g), SWEETENER (960), COLOUR (150 d), FLAVOURS (NATURAL, NATURE-IDENTICAL & ARTIFICIAL (COLA) FLAVOURING SUBSTANCES).",e,4,https://images.openfoodfacts.org/images/products/000/001/901/7648/front_en.28.400.jpg,,,yes,6/8
1234567890128,Chocolat en poudre,Munch,"Beverages, Breakfasts, Instant chocolate powders",2pcs,fr:Boîte de 400 g,"No preservatives, 2022 Gold medal of the German Agricultural Society, EU/non-EU Agriculture, FR-BIO-01, Nutriscore Grade B, QS certification mark, AB Agriculture Biologique",,Ingridients:Poudre de cacao - sucre - lait entier (faible teneur en matière grasse) - Emulsifiants,unknown,4,https://images.openfoodfacts.org/images/products/123/456/789/0128/front_en.119.400.jpg,,,yes,7/8
8902080104345,Pepsi Brand Drink 2.25 l,Pepsico,Beverages,54,,,,,unknown,,https://images.openfoodfacts.org/images/products/890/208/010/4345/front_en.26.400.jpg,,,yes,4/8
8901058895780,Hot & sweet tomato chili sauce,Maggi,Sauces,500 g,,"Green Dot, Green Dot India",,"Water, Sugar, Tomato paste (11.9%), Red chilli puree (6.6%), Iodised salt, Acidity regulator, Starch, Mixed Spices, Garlic powder, Thickener, Onion powder and Preservative . May contains Milk & Nut.",d,4,https://images.openfoodfacts.org/images/products/890/105/889/5780/front_en.3.400.jpg,,,yes,6/8
8901063029262,Jim jam92 g,Britannia,Biscuit (cookie) snack w chocolate filling,,,,,"REFINED WHEAT FLOUR (MAIDA), SUGAR (24%), REFINED PALM OIL & INTERESTERIFIED VEGETABLE FAT, INVERT SUGAR SYRUP DEXTROSE, MILK PRODUCTS (MILK SOLIDS & SWEETENED CONDENSED MILK), EDIBLE MAIZE STARCH, MALTODEXTRIN, FRUIT PRODUCTS (0.7%) (APPLE JUICE CONCENTRATE, BANANA POWDER & PLUM JUICE CONCENTRATE), IODISED SALT, EMULSIFIERS [322(i) & 471], RAISING AGENTS [503(ii)&500(ii)], NATURE IDENTICAL AND ARTIFICIAL (MIXED FRUIT, VANILLA & BUTTER) FLAVOURING SUBSTANCES, ACIDITY REGULATORS [330&331(iii)], GELLING AGENT (440) AND COLOUR (122). (Numbers in brackets as per International Numbering System) CONTAINS WHEAT, MILK AND SOYA. Marketed By: BRITANNIA INDUSTRIES LTD., 5/1 A HUNGERFORD STREET, KOLKATA-700017, WEST BENGAL (A WADIA Enterprise) For Mfg. unit address & Lic. No. read the last two characters of the &quot;Lot No.&quot; and see address panel below. 06-J. B. MANGHARAM FOODS PVT. LTD., GOLA KA MANDIR, PO. RESIDENCY, GWALIOR-474005, MADHYA PRADESH Lic. No. 10012026000247, 9F-BRITANNIA INDUSTRIES LTD., PLOT NO. B-28, FIVE STAR MIDC, RANJANGAON, TAL SHIRUR, DIST. PUNE-412220, MAHARASHTRA Lic. No. 10018022007587, 9L-ANNIA INDUSTRIES LTD A13, A14, A15, A16, SIPCOT INDUSTRIAL GROWTH CENTRE, GANGAIKONDAN, TIRUNELVELI-627352, TAMIL NADU Lic. No. 12422999001583 For feedback Contact: Executive, Consumer Care Cell, Ph: (Tell Free 1-800-42544",e,4,https://images.openfoodfacts.org/images/products/890/106/302/9262/front_en.5.400.jpg,,,yes,4/8
8901207037795,activ 100% Coconut water,Real,"Waters, Coconut waters",1 l,,Green Dot India,,"Water, Coconut Water Concentrate (9.0 %) and Preservatives (INS 202, INS 224) Allergen Information: Contains Sulphite Reconstituted 100% Coconut water content",c,3,https://images.openfoodfacts.org/images/products/890/120/703/7795/front_en.3.400.jpg,,,yes,6/8
8906020580015,Idly & Dosa Batter,iD,Dosa batter,1kg,"Fresh, Pouch flask",Green Dot India,"Bengaluru, India","RO-Purified water (55%), Rice (34%), Urad dal, Fenugreek and Iodised Salt.",b,3,https://images.openfoodfacts.org/images/products/890/602/058/0015/front_en.8.400.jpg,,,yes,8/8
8901491363020,Chilli Chatka,10,"Crisps, Corn flakes",10rs,,,,"Cereal Products (66%) (Rice Meal (43%), Com Meal (23%)), Edible Vegetable Oil (Rice Bran Oil), *Seasoning (Sugar, &quot;Spices & Condiments, lodised Salt, Rice Flour, Flavour (Natural & Nature Identical Flavouring Substances), Acidity Regulators (330, 196), Black Salt, Flavour Enhancers (627, 631), Colours (160c 150d)), Gram Meal (0.5%). As Flavouring Agent. Contains Onion and Garlic Serve Size 20 g** MARK Per 100g %RDA Per Serve Pepsi",e,4,https://images.openfoodfacts.org/images/products/890/149/136/3020/front_en.6.400.jpg,,,yes,5/8
8902579001605,Frooti mango drink,,"Fruit juices, Juices, Mango Juice",1,,,,,unknown,,https://images.openfoodfacts.org/images/products/890/257/900/1605/front_en.3.400.jpg,,,yes,3/8
8901499008183,Corn Flakes Original,Kellogg's,Corn flakes,250 g,,,India,"corn grits 87.7%, sugar, malt extract, iodized salt, vitamins, INS320",d,3,https://images.openfoodfacts.org/images/products/890/149/900/8183/front_en.14.400.jpg,,,yes,6/8
8901262070539,FRUIT N' NUT Dark Chocolate,Amul,"Confectioneries, Dark chocolate bar with dried fruits, Composite chocolate",150g,,Vegetarian,,"sugar, cocoa solids, cocoa butter, almonds(8%), raisins(5%), permitted emulsifiers (e322, e476),",e,4,https://images.openfoodfacts.org/images/products/890/126/207/0539/front_en.21.400.jpg,,,yes,6/8
8901491001038,Lays Spanish Tomato Tango,Lay's,Potato crisps,80g,,,,,e,,https://images.openfoodfacts.org/images/products/890/149/100/1038/front_en.5.400.jpg,,,yes,4/8
8904258700540,alphonso mango juice,Raw Pressery,"Fruit juices, Mango juice",1 liter,,Green Dot India,,"ALPHONSO MANGO PULP (51%), WATER, FRUCTOSE, ANTIOXIDANTS [(VITAMIN C-INS 300), INS 224]",c,4,https://images.openfoodfacts.org/images/products/890/425/870/0540/front_en.12.400.jpg,,,yes,6/8
8901764052309,Limca,Coca Cola,Sodas,1L,,Green Dot India,,,unknown,,https://images.openfoodfacts.org/images/products/890/176/405/2309/front_en.5.400.jpg,,,yes,5/8
8906009079813,Choco Chip Cookies,Unibic,Chocolate biscuits,600g,,,,,unknown,,https://images.openfoodfacts.org/images/products/890/600/907/9813/front_en.3.400.jpg,,,yes,4/8
8906005505040,Soya sticks,Bikaji,Crisps,200,,,,"Edible Vegetable Oil (Palmolein Oil, Cottonseed Oil), Tapioca Starch, Black Gram Flour, Soya Powder (7%), Rice Flour, Whole Lentil Flour, Ground Spices & Condiments (lodised Salt, Sugar, Maltodextrin, Fennel, Cumin, Red Chilli, Ginger, Turmeric (Colouring & Spices), Dry Mango Powder, Corn Starch, Garlic, Mustard Seeds, Acidity Regulator (INS 330, INS 296), Anticaking Agent (INS 551), Asafoetida, Flavouring Enhancer (INS 627, INS 631, INS 635), Hydrolysed Vegetable Protein (Soya)), Hydrogenated Vegetable Oil (Palm, Soybean, Sunflower and Sesame) CONTAINS: SOY, SESAME, MUSTARD",e,4,https://images.openfoodfacts.org/images/products/890/600/550/5040/front_fr.3.400.jpg,,,yes,5/8
8901808000068,WeiKFiELD,Weikfield,"Dessert mixes, Custards and pastry creams, Desse",100,,"No gluten, Green Dot India",,"Maize Starch, Iodized Salt, Artificial Flavouring Substance(Vanilla), Synthetic Food Colours (INS 102,110,122)",unknown,4,https://images.openfoodfacts.org/images/products/890/180/800/0068/front_en.11.400.jpg,,,yes,6/8
8906080601774,Swing Juicier Drink,Paper Boat,"Beverages, Mango pulp, Mango syrups",125ml,,Green Dot India,,"WATER, SUGAR, MANGO PULP CONCENTRATE (6.5%)*, ACIDITY REGULATOR (CITRIC ACID), FLAVOURS (NATURE-IDENTICAL AND NATURAL FLAVOURING SUBSTANCES), STABILIZER (PECTIN), ANTIOXIDANT (ASCORBIC ACID) AND VITAMIN D2. *RECONSTITUTED 13% MANGO PULP CONTENT.",unknown,4,https://images.openfoodfacts.org/images/products/890/608/060/1774/front_en.31.400.jpg,,,yes,6/8
8901262152242,Amul Kool Badam Flv 180ml,amul,Beverages,Amul,26aug 2020,180,talcher,,e,,https://images.openfoodfacts.org/images/products/890/126/215/2242/front_en.7.400.jpg,,,yes,7/8
8901030902376,Mixed Vegetable Soup,Knorr,Soups,9.5g,,,,,unknown,,https://images.openfoodfacts.org/images/products/890/103/090/2376/front_en.3.400.jpg,,,yes,4/8
8901262151368,Moti,Amul,Cow milks,,,Green Dot India,,Milk,c,1,https://images.openfoodfacts.org/images/products/890/126/215/1368/front_en.11.400.jpg,,,yes,5/8
8901262153348,Protein Lassi - Rose Flavour,Amul,"Yogurt drinks, Yogurts high in protein on a fruit layer",200mL,,"Green Dot India, No added sugar, No lactose",,cholesterol,b,,https://images.openfoodfacts.org/images/products/890/126/215/3348/front_en.18.400.jpg,,,yes,6/8
8901725005887,Yippee Noodles,Sunfeast,Instant noodles,70g,,,,"Refined Wheat Flour (Maida)(78.4%), Refined Palm Oil, lodized Salt, Wheat Gluten (0.4%), Thickeners (INS 508, INS 412), Stabilizers (INS 170(i), INS 339(ii), INS 450(iii), INS 452(i)) and Acidity Regulators (INS 501(i), INS 500(i), INS 330). Dehydrated Vegetables [Beans (9.5%), Carrot (7.1%), Onion (4.6%) and Cabbage (3.8%)], Instant Noodle Powder {Refined Wheat Flour (Maida) (15.8%), Refined Palm Oil, lodized Salt, Wheat Gluten (0.07%), Spices and Condiments (17.6%) [Garlic, Coriander, Cumin, Ginger, Chilli, Aniseed, Fenugreek, Black Pepper, Cardamom, Nutmeg, Caraway, Cinnamon, Clove and Turmeric], Sugar, lodized Salt, Hydrolyzed Vegetable Protein, Natural Flavours and Natural Flavouring Substances, Nature Identical Flavouring Substances, Maltodextrin, Yeast Extract, Acidity Regulator (INS 330), Flavour Enhancers (INS 627, INS 631) and Anticaking Agent (INS 551). Contains Wheat, Soy. May Contains Milk, Nut.",unknown,4,https://images.openfoodfacts.org/images/products/890/172/500/5887/front_en.3.400.jpg,,,yes,5/8
8906032018926,Soya Chunks,Nutrela,"Balls from soy and or wheat proteins, Textured soy protein",100g,,Green Dot India,,,unknown,,https://images.openfoodfacts.org/images/products/890/603/201/8926/front_en.5.400.jpg,,,yes,5/8
0793591862453,Kerala Banana Chips,Byond Snack,Banana crisps,75gram,,,,"Raw Banana (72%) Refined Vegetable Oil (Palmolein), lodised Salt, Anticaking agent (E551) and Antioxidant (E319). Contains permitted natural colors & added natural and natural identical flavoring substances. Allergen Declaration: May contain traces of Soy, Milk solids and Mustard. Pack filled with Nitrogen to keep the product fresh.",d,4,https://images.openfoodfacts.org/images/products/079/359/186/2453/front_en.3.400.jpg,,,yes,5/8
8906163830640,Farmley Makha Shaka Masala Stix,Farmley,"Snacks, Fox nuts",33g,,Green Dot India,,,c,,https://images.openfoodfacts.org/images/products/890/616/383/0640/front_en.11.400.jpg,,,yes,5/8
8904063200051,BHUJIA,Haldiram's,"Snacks, Fried foods, Flour fried",200g,,"Green Dot, Green Dot India",,"Tepary Beans Flour, Edible Vegetable Oil (Cotton Seed, Corn, Palmolein, Ground Nut and Rice Bran), Gram Pulse Flour, lodised Salt, *Spices & Condiments (Red Chilli Powder, Black Pepper Powder, Ginger Powder, Clove Powder, Mace Powder, Nutmeg Powder and Cardamom Powder). *Used as natural flavouring substances. Allergen Information: Contains Nut.",e,3,https://images.openfoodfacts.org/images/products/890/406/320/0051/front_en.31.400.jpg,,,yes,6/8
8906006720343,Lion honey,Lion,Honeys,,,,,,unknown,2,https://images.openfoodfacts.org/images/products/890/600/672/0343/front_en.4.400.jpg,,,yes,3/8
8901088129800,Masala Oats,Saffola,Oat,500 g,,,,"Rolled Oats (69.3%), Maltodextrin, Salt, Dried Vegetables (Carrot (1.5%), Green Peas (1%), French Beans (0.7%), Onion Powder and Sugar, Refined Rice Bran oil, Desiccated Coconut Powder (2.1%), Spices & Condiments (1.6%) (Chilly, Turmeric, Ginger, Cardamom, Cinnamon, Curry Leaves, Garlic), Milk Solids, Tomate Hydrolysed Vegetable Protein, Yeast Extract, Anticaking Agent (INS 551), Acidity Regulator (INS 330), Flavour Enhancers (INS 627, INS 631). CONTAINS PERMITTED NATURAL COLOUR (INS 100) AND ADDED FLAVOURS - NATURAL AND NATURE IDENTICAL FLAVOURING SUBSTANCES.",d,4,https://images.openfoodfacts.org/images/products/890/108/812/9800/front_en.20.400.jpg,,,yes,5/8
0073935942400,"Manner - Chocolate Cream Filled Wafers, 2.5oz (72g)",Manner,Wafers,2,,,,Test,unknown,,https://images.openfoodfacts.org/images/products/007/393/594/2400/front_en.5.400.jpg,,,yes,5/8
8901014000371,Geki Hot & Spicy Korean Cheese,Nissin,Instant noodles,80 g,,,,"NOODLES (80.00%): Refined Wheat Flour (Maida), Edible Vegetable Oil (Palm Oil), Tapioca Starch, lodised Salt, Acidity Regulators [INS 451(i) & INS 500(i)], Turmeric Powder, Thickener (INS 412)& Antioxidant (INS 319). SEASONING MIX (12.50%): Sugar, Skimmed Milk Powder, Cheese Powder, Garlic Powder, Hydrolysed Vegetable Protein Powder (Soya), lodised Salt, Flavours (Natural & Nature Identical), Yeast Extract Powder, Onion Powder, Flavour Enhancers (INS 631 & INS 627), Mixed Spices (Ginger, Black Pepper, Red Chilli, Cumin & Turmeric), Acidity Regulator (INS 330). Oleoresin Capsicum & Anticaking Agent (INS 551). SEASONING OIL (7.50%): Edible Vegetable Oil (Palmolein, Soya Bean Oil & Chilli Seed Oil), Colour [INS 160c(i)]&Oleoresin Rosemary. ALLERGEN INFORMATION: CONTAINS WHEAT SOY & MILK. Mid. by: INDO NISSIN FOODS PVT. LTD., No.1102, 11th Floor, Raheja Towers, West Wing fssai MG Road, Bengaluru-560001, Kamalaka Lic.No. 10013043000622 Mid. at: Refer to the panel below (Ror O) after PKD R191 Kms. NH-8,Delhi-Jaipur Road, Village-Deodhai, Tehsil Bawal Be123 401. Haryana. Lic.No. 10012064000056 sing Park Khordha Industrial No 10015032000243 2. Drain out the water. THER",unknown,4,https://images.openfoodfacts.org/images/products/890/101/400/0371/front_en.3.400.jpg,,,yes,5/8
8901725100131,B Natural Orange Juice 1ltr tpk,"B Natural, ITC",Orange juices with pulp,12,,Green Dot India,,"water, orange pulp(21%), Sugar, polydextrose(0.75%),Acidity regulator, nature identical flavouring substance, Iodised salt, natural flavours and flavouring substances and colours[INS 171, INS 110]",d,4,https://images.openfoodfacts.org/images/products/890/172/510/0131/front_en.44.400.jpg,,,yes,6/8
8901088043953,parachute oil,,Coconut oils,1l,,,,,unknown,2,https://images.openfoodfacts.org/images/products/890/108/804/3953/front_en.5.400.jpg,,,yes,3/8
8906009070636,Fruit & Nut Cookies,Unibic,Biscuits,500g,,,,,unknown,,https://images.openfoodfacts.org/images/products/890/600/907/0636/front_en.3.400.jpg,,,yes,4/8
8901499009623,Chocos Fills,Kellogg's,"Breakfast cereals filled with chocolate, Unfortified diet chocolate breakfast cereals",250 g,"Box, Rectangular",,"haryana, sonepat","Multi Grain Flour Mix (Rice Flour, Whole Oats Flour, Whole Wheat Flour), Choco Cream (Sugar, Edible Vegetable Oil (Sunflower Oil, Palm Oil), Cocoa Solids (63%), Milk Solids, Emulsifier (INS 322(i))). Sugar, Cocoa Powder (5.6%), Iodized Salt, Vitamins",d,4,https://images.openfoodfacts.org/images/products/890/149/900/9623/front_en.24.400.jpg,,,yes,7/8
8908005144076,Multigrain Energy Bar,Yoga Bar,"Energy bars, Protein bars",38 g,,No preservatives,,"Nuts & Seeds 34% (Almonds. Sunflower, Sesame, pumpkin, Chia), Whole Grain Flakes 32% (Rolled Oats, Brown Rice, Saamai), Honey 22%, Dried Fruit (Dates & Cranberry) 9% Rice Crisps 2%, Prebiotic Fib (Acacia Gum). Cinnamon CONTAINS ADDED NATURAL FLAVOUR: Rosemary Extract",not-applicable,4,https://images.openfoodfacts.org/images/products/890/800/514/4076/front_en.12.400.jpg,,,yes,6/8
8904043551579,multgrain bread,modern,Breads,400g,,Green Dot India,,"Refined Wheat Flour (Maida), Whole Wheat Flour (Atta). Grains and Seeds Mix (Flax Seeds, Rolled Oats, Oat Flour, Maize Flour, Pumpkin Seeds, Bengal Gram Flour, Rice Flour, Barley Flour, White Sesame Seeds, Bajra, Sorghum), Sugar, Gluten, Yeast, Edible Vegetable Oil (Refined Palmoléin Oil), lodized Salt, Malt Product. Soya Flour, Preservatives (282, 200), Wheat Bran, Emulsifier (471), Acidity Regulator (260), Flour Treatment Agents (1100, 1102, 1104, 510) and Antioxidant (300). 'Other Grains Flour Mix - 10.7%",unknown,4,https://images.openfoodfacts.org/images/products/890/404/355/1579/front_en.7.400.jpg,,,yes,6/8
8906010500344,Aloo Sev,Balaji,Food,48g,,,,"EDIBLE VEGETABLE OIL (CONTAINS ONE OR MORE OF THE FOLLOWINGS: PALMOLEIN, RICE BRAN, CORN, COTTONSEED), CHICKPEA FLOUR, POTATO FLAKES (21%), **SEASONING MALTODEXTRIN, EDIBLE COMMON SALT, SPICES & CONDIMENTS (DRY MANGO, CUMIN, FENNEL, CHILLI, CORIANDER, CLOVE, TURMERIC, PEPPER, CARDAMOM, GINGER), DEHYDRATED VEGETABLE POWDER (MINT 0.2%, GARLIC, TAMARIND), FLAVOUR (NATURAL& NATURE IDENTICAL FLAVOURING SUBSTANCES), ACIDITY REGULATOR (INS 330, INS 296), FLAVOUR ENHANCER (INS 635), ANTICAKING AGENT (INS 551, INS 341 (1), RICE FLOUR, AS FLAVOURING & SEASONING AGENT NAMKEEN READY-TO-EAT SAVOURIES | PROPRIETARY FOOD INDIAN SNACKS & SAVOURIES PRODUCT OF INDIA",d,4,https://images.openfoodfacts.org/images/products/890/601/050/0344/front_en.13.400.jpg,,,yes,5/8
3948764012907,Coco cola,,,,,,,,unknown,,,,,no,1/8
8901595971220,Manchow instant soup,Ching's,Dehydrated soups,12,Plastic,"Green Dot India, Ching's Secret","Gujarat, India","Potato starch, dried glucose syrup,iodised salt, dehydrated vegetables(13.5%)[carrot,french beans,parsley, cabbage], sugar, dehydrated onion,soy sauce powder (soyabean,wheat,salt) , dehydrated garlic, flavour inhancer (INS 635) ,mixed spices(chilli powder,pepper powder), natural colour (INS 150d), acidity regulator (INS 296), Anticaking agent(INS 551), sunflower oil, thickener (INS 415), natural flavouring substances",unknown,4,https://images.openfoodfacts.org/images/products/890/159/597/1220/front_en.8.400.jpg,,,yes,8/8
8901499008275,CHOCOS,Kellogg's,Chocoe,10,,Green Dot India,,"Wheat Solids (58.2%) (Wheat Flour (Aa) (29 196), Refined Wheat Flour (Maida) (29.1%)). Sugar, Com Flour, Coco Solids (2.7%, Minerals, Cereal Extract, Edible Vegetable Oil (Palmolein & Coconut Oil), lodized Salt, Colour (NS 150d). Vitamins, Antioxidant (INS 320) CONTAINS PERMITTED NATURAL COLOUR & ADDED FLAVOURS (NATURE IDENTICAL & ARTIFICIAL VANILA CREAM FLAVOURING SUBSTANCES) CONTAINS GLUTEN. MAY CONTAIN TRACES OF TREENUT. 2",b,4,https://images.openfoodfacts.org/images/products/890/149/900/8275/front_en.3.400.jpg,,,yes,6/8
8901058903959,milkmaid 100+ recipes,Nestlé,"Condensed milks, Sweetened condensed milk",380 g,,Green Dot India,,Milk solids and Sugar.,e,3,https://images.openfoodfacts.org/images/products/890/105/890/3959/front_en.5.400.jpg,,,yes,6/8
8906032019671,Nariyal Biscuits,Patanjali,Biscuit with milk,75gm Rs 10,,Green Dot India,,"Wheat, Sugar, palm oil, Coconut powder, Milk, Honey, emulsifier, raising agents",d,4,https://images.openfoodfacts.org/images/products/890/603/201/9671/front_en.18.400.jpg,,,yes,6/8
8906007280693,Rice Bran Oil,Fortune,Rice bran oils,1L,,,,RICE BRAN OIL,d,2,https://images.openfoodfacts.org/images/products/890/600/728/0693/front_en.5.400.jpg,,,yes,5/8
8901972060189,Dukes bourbon,,,,,,,,unknown,,https://images.openfoodfacts.org/images/products/890/197/206/0189/front_en.10.400.jpg,,,yes,1/8
89000816,Happydent,Happydent,Chewing gum,1,paper,,,,not-applicable,,https://images.openfoodfacts.org/images/products/000/008/900/0816/front_en.4.400.jpg,,,yes,5/8
8901058008999,2-Minutes Noodles,Nescafé,Instant noodles,,,,,"INGREDIENTS Noodies: Refined wheat flour (Maida, Palm oll, lodized sal, Wheat gluten, Thickeners (508 &412), Acidity regulators (501(i) & 500(i)) and Humectant (451(i))",unknown,4,https://images.openfoodfacts.org/images/products/890/105/800/8999/front_en.3.400.jpg,,,yes,4/8
8906001387114,Multi Grain High Fibre Bread,English Oven,Multigrain sliced breads,400g,,,,"REFINED WHEAT FLOUR (MAIDA), WATER, MULTIGRAIN MIX (20% - OAT FLAKES, SUNFLOWER, LINSEED, SESAME SEED, SOYA GRIT, MELON SEEDS), YEAST, SUGAR, EDIBLE VEGETABLE OILS (PALM), WHEAT GLUTEN, EDIBLE COMMON SALT, MALT FLOUR, BROKEN WHEAT, SOYA FLOUR, CLASS II PRESERVATIVE (282), ACIDITY REGULATOR (260), EMULSIFIERS [471,472e, 481 (0)1, IMPROVERS [1700), 510, 923, 1100] AND ANTIOXIDANT (300). (NUMBERS IN BRACKETS ARE AS PER INTERNATIONAL NUMBERING SYSTEM) ALLERGEN DECLARATION: PRODUCT CONTAINS WHEAT FLOUR (GLUTEN), SEEDS, OATS, SOYA FLOUR AS ALLERGENS.",b,4,https://images.openfoodfacts.org/images/products/890/600/138/7114/front_en.25.400.jpg,,,yes,5/8
8901063012660,Milk Bikis,Britannia,Biscuits,500 g,,"Vegetarian, Fssai",,"WHEAT FLOUR (ATTA(63%), SUGAR, REFINED PALM OIL, MILK PRODUCTS (3.4%) (SWEETENED CONDENSED PARTLY SKIMMED MILK & MILK SOLIDS), INVERT SUGAR SYRUP, RAISING AGENTS (503 (ii & 500 (ii)), IODISED SALT, EMULSIFIERS (322 (i), 471 & 481 (i)), CALCIUM SALT, NATURE IDENTICAL & ARTIFICIAL (MILK FLAVOURING SUBSTANCES, VITAMINS AND POTASSIUM IODATE.",e,4,https://images.openfoodfacts.org/images/products/890/106/301/2660/front_en.10.400.jpg,,,yes,6/8
8901030779312,Lipton Green Tea,"Pepsico, Unilever, lipton","Green teas, Flavored teas",25N,"Cardboard,Tea bag,Tetrahedral bag",,Dadra & Nagar Haveli,"FLAVOURED TEA TULSI MAX 2% W/W .CONTAINS ADDED NATURAL FLAVOURS CONTENTS: FLAVOURED TEA Unilever BEVERAGES L ZERO CALORIES: When enjoyed without milk and sugar REDUCE WAIST CIRCUMFERENCE WITH THE POWER OF CATECHINS: Basis literature, having 7-8 cups of Green tea/day (-600 mg catechins) for 8-12 weeks  helps reduce waist circumference. Note: Lipton Green Tea has =20-30 mg caffeine/cup.",b,,https://images.openfoodfacts.org/images/products/890/103/077/9312/front_en.22.400.jpg,,,yes,7/8
8904004420111,Soya Sticks,Haldiram's,"Appetizers, Fried Soy Sticks, Fried snacks",400g,,Green Dot India,,"Tapioca Starch, Refined Palmolein Oil, Soya Flour (9%), Split Pulse Urad (Urad Dal) Flour, Mixed Spices (Refined Sugar, Edible Common Salt, Maltodextrin, Black Salt, Red Chilli Powder, Dried Mango Powder, Onion Powder, Glucose Powder, Preservative (INS 262i), Coriander Powder, Cumin Powder, Fennel, Whey Powder, Ginger Powder, Garlic Powder, Clove Powder, Yeast Extract, Pipal, Black Pepper, Acidity Regulator (INS 296), Flavour Enhancer (INS 627, INS 631), Turmeric Powder, Anticaking Agent (INS 551), Bay Leaf, Acidity Regulator (INS 330), Colour (INS 160c), Nutmeg, Capsicum Powder, Cinnamon, Asafoetida), Hydrogenated Vegetable Oil (Vanaspati), Natural Flavouring Substance And Nature Identical Flavouring Substance",e,4,https://images.openfoodfacts.org/images/products/890/400/442/0111/front_en.10.400.jpg,,,yes,6/8
8906069401388,peanut butter,veeba,"Nut butters, Peanut butters",,,,,,d,,,,,no,3/8
8906080349652,"Murmura, Kurmura",Vijay,"Rices, Puffed rice, Vegetables from Spain, Roasted-rice",500g,,Green Dot India,,"Roasted Rice, Salt",b,3,https://images.openfoodfacts.org/images/products/890/608/034/9652/front_en.7.400.jpg,,,yes,6/8
8901725013004,Marie light family pack,"ITC, Sunfeast",Biscuits,924g,,Green Dot India,,,e,,https://images.openfoodfacts.org/images/products/890/172/501/3004/front_en.13.400.jpg,,,yes,5/8
8901491003124,West Indies' Hot 'n' Sweet Chilli,Lay's,Potato crisps,90 g,,Green Dot India,,"Potato, Edible Vegetable Oil Palmolein, Sunflower Oil), *Seasoning (Sugar, Maltodextrin, lodised Salt, Flavour (Natural and Nature Identical Flavouring Substances), ~Spices & Condiments, Flavour Enhancers (627 & 631), Edible Vegetable Oil (Palm, Sunflower, Peanut), Hydrolysed Vegetable Protein, Anticaking Agent 551), Cocoa Solids, Lactose). &quot;As flavouring agent. ALLERGEN ADVICE: Contains Nut, Milk, Wheat Contains Onion and Garlic May Contain Sulphite",e,4,https://images.openfoodfacts.org/images/products/890/149/100/3124/front_en.3.400.jpg,,,yes,6/8
7622202030819,Cranberry,Cadbury Bournville,"Dark chocolates, Chocolates with cranberry",80 g,Cardboard box,Green Dot India,,"Sugar, Cocoa Solids, Dried Sweetened Cranberries (11%*) (Cranberries, Sugar), Cocoa Butter, Almonds (5%*), Milk Solids, Emulsifiers (442, 476), Flavours (Natural and Nature Identical Flavouring Substances). Allergen Information: Contains Milk, Almond. May Contain Other Tree Nuts, Soy.",e,4,https://images.openfoodfacts.org/images/products/762/220/203/0819/front_en.4.400.jpg,,,yes,7/8
7622202025426,Dairy milk,Cadbury,Milk chocolate bar,134g,,,,,e,,https://images.openfoodfacts.org/images/products/762/220/202/5426/front_en.3.400.jpg,,,yes,4/8
8901491001816,West indies hot n sweet chilli lays,Lay's,Crisps,,,,,"potato, edible vegetable oil (palmolein, sunflower oil), seasoning (sugar, iodized salt, black salt, onion powder, garlic powder, tomato powder, spices and condiments [coriander, cumin, black pepper, ginger, clove, nutmeg, red chilli, green cardamom, cinnamon, bay leaf, star anise, caraway, mace], dried mango powder, acidity regulator [INS 330], flavour enhancers [INS 627, INS 631], edible starch, tartaric acid, citric acid, malic acid, tomato paste powder, hydrolysed vegetable protein, yeast extract, colour [INS 160c], anti-caking agent [INS 551], natural flavouring substances, artificial flavouring substances [onion, garlic])",unknown,4,https://images.openfoodfacts.org/images/products/890/149/100/1816/front_en.5.400.jpg,,,yes,4/8
8901058008050,Maggi,Maggi,Instant noodles,,,,,"Refined wheat flour (Maida), Palm oil, lodized salt, Wheat gluten, Thickeners (508&412), Acidity regulators (501 (i) & 500 (i)) and Humectant (451). Ware NUTRITIONAL INFORM Taserne's 10 g NUTRITION INFRNATION Enery(kcal) Masala *TASTEMAKER®: Mixed spices (25.6%) (Onion powder, Coriander powder, Carbohydrate (g) Turmeric powder, Red chilli powder, Garlic powder, Cumin powder, Aniseed powder, Ginger powder, Fenugreek powder, Black pepper powder, Clove powder, Green cardamom powder & Nutmeg powder), Refined witeat flour (Maida), Hydrolysed groundnut protein, Sugar, Palm oil, Starch, lodized salt, Thickener (508), Flavour enhancer (635), Toasted onion flakes, Acidity regulator (330), Colour (150d), Mineral and Wheat gluten. Allergen Note: Contains Wheat and Nut. May contain Milk, Mustard, Oats and Soj Protein (9) - Total Sugars 19 - Added Sugars Total Fat Saturated Fat (g) (not more th Trans Fat (9)",unknown,4,https://images.openfoodfacts.org/images/products/890/105/800/8050/front_en.3.400.jpg,,,yes,4/8
8901396350101,dettol,"Dettol, RECKITT",Non food products,25ml,,,,,unknown,,https://images.openfoodfacts.org/images/products/890/139/635/0101/front_mr.27.400.jpg,,,yes,4/8
8901063341500,White bread,Britannia,Breads,,,,,,unknown,,https://images.openfoodfacts.org/images/products/890/106/334/1500/front_en.8.400.jpg,,,yes,3/8
8901088102872,Parachute Coconut Oil,Parachute,Coconut oils,600ml,,Green Dot India,,,unknown,2,https://images.openfoodfacts.org/images/products/890/108/810/2872/front_en.5.400.jpg,,,yes,5/8
8901088017381,Saffola Gold 1 Ltr pouch,Saffola,,,,Green Dot India,,,unknown,,https://images.openfoodfacts.org/images/products/890/108/801/7381/front_en.8.400.jpg,,,yes,3/8
8904004416619,Haldiram Matka Jhatka,Haldiram's,Beverages,100,,FSC Mix,,,unknown,,https://images.openfoodfacts.org/images/products/890/400/441/6619/front_en.5.400.jpg,,,yes,5/8
8906080603303,Swing,Paper Boat,Juices and nectars,1.2 L,,Green Dot India,,"WATER, SUGAR, POMEGRANATE JUICE CONCENTRATE (1.9%)&quot;, FLAVOURS (NATURE-IDENTICAL AND NATURAL FLAVOURING SUBSTANCES),ACIDITY REGULATOR (330), IODISED SALT, PRESERVATIVES (202) AND NATURAL  FOOD COLOURS (150d, 124, 122), AND VITAMIN D2. RECONSTITUTED 10% POMEGRANATE JUICE",e,4,https://images.openfoodfacts.org/images/products/890/608/060/3303/front_en.5.400.jpg,,,yes,6/8
8901393016680,Chupa chups bites,Chupa Chups,Candies,,,Unknown,,,e,,https://images.openfoodfacts.org/images/products/890/139/301/6680/front_fr.3.400.jpg,,,yes,4/8
8908010900247,peanut butter,pintola,"Nut butters, Peanut butters",510 g,,,,,c,,https://images.openfoodfacts.org/images/products/890/801/090/0247/front_en.3.400.jpg,,,yes,4/8
6291100213467,椰枣,,,,,,,,unknown,,https://images.openfoodfacts.org/images/products/629/110/021/3467/front_en.3.400.jpg,,,yes,1/8
8901063325760,Premium Bake Rusk,"Britannia, Toastea",Rusks,,,Green Dot India,,,unknown,,https://images.openfoodfacts.org/images/products/890/106/332/5760/front_en.13.400.jpg,,,yes,4/8
89007426,100% Pure coconut oil,Parachute,Coconut oils,25 ml (22.8 g),,Green Dot India,,Coconut Oil,e,2,https://images.openfoodfacts.org/images/products/000/008/900/7426/front_en.3.400.jpg,,,yes,6/8
8901030904554,Bru coffee 25g,,"Coffees, Aromatised instant coffees",,,,,,unknown,,https://images.openfoodfacts.org/images/products/890/103/090/4554/front_en.3.400.jpg,,,yes,2/8
8901262260947,Buffalo Milk A2,Amul,Milks,500ml,,Green Dot India,,Milk,d,1,https://images.openfoodfacts.org/images/products/890/126/226/0947/front_en.10.400.jpg,,,yes,6/8
0811307031716,peanuts,GD NUTS,Peanut grilled salted,,,"No gluten, Halal",,,d,,https://images.openfoodfacts.org/images/products/081/130/703/1716/front_en.3.400.jpg,,,yes,4/8
8901786160501,EVEREST Chicken Masala,Everest,Spices,50gm,,,,,not-applicable,,https://images.openfoodfacts.org/images/products/890/178/616/0501/front_en.3.400.jpg,,,yes,4/8
8904335602408,Coffe Rush 10g Protein Bar,Yoga Bar,"Bars, Protein bars",,,"No preservatives, Green Dot India",,"Date Paste (39%), Soy Crisps, Date Syrup, Dark Chocolate Paste (Sugar, Edible Vegetable Fat, Cocoa Solids, Soy Lecithin & Natural Flavours), Texturized Soy Protein Flakes, Almond (Butter, Dices), Cashew Paste, Milk Protein Concentrate, Peanut Protein, Skim Milk Powder, Peanut Butter, Coffee Powder (2%), Cocoa Powder, Cranberry, Whey Protein Concentrate, Oats Flour, Glycerine, Natural Flavours (Coffee, Rosemary Extract), Himalayan Pink Salt.",not-applicable,4,https://images.openfoodfacts.org/images/products/890/433/560/2408/front_en.16.400.jpg,,,yes,5/8
6111242100992,Perly,Jaouda,"Snacks, Plain fermented dairy desserts with cream",100 g,Plastique,,Maroc,"milk cream, cream, sugar, banana, bacteria",a,3,https://images.openfoodfacts.org/images/products/611/124/210/0992/front_fr.172.400.jpg,,,yes,7/8
3017620425035,Nutella,Nutella,"Pâtes à tartiner aux noisettes et au cacao, en:Confectionary based spreads, en:pates-a-tartiner-au-chocolat, en:pates-a-tartiner-aux-noisettes, en:pates-a-tartiner-aux-noisettes-et-au-cacao, en:petit-dejeuners, en:produits-a-tartiner, en:produits-a-tartiner-sucres",1 kg,"Composites multicouches,Plastique,Carton,Verre,PP 5 - Polypropylène,Verre transparent,Carton non ondulé,82 C/X,82 C/PAP,en:Bocal","Végétarien, Sans gluten, Sans conservateurs, Sans colorants, Sans matière grasse hydrogénée, Triman",France,"Sucre, huile de palme, NOISETTES 13%, LAIT écrémé en poudre 8,7%, cacao maigre 7,4%, émulsifiants: lécithines [SOJA]; vanilline. Sans gluten",e,4,https://images.openfoodfacts.org/images/products/301/762/042/5035/front_en.583.400.jpg,,,yes,8/8
7613035833272,Perrier,"Nestlé, Nestlé Waters, Perrier","Boissons sans alcool, Boissons sans sucre ajouté, Eaux minérales gazeuses",1 l,"Kunststoff,PET - Polyethylenterephtalat","Végétalien, Point Vert","France, Gard, Vergèze",EAU MINERALE NATURELLE RENFORCEE AU GAZ DE LA SOURCE,a,1,https://images.openfoodfacts.org/images/products/761/303/583/3272/front_en.149.400.jpg,,,yes,8/8
5000108478119,Quaker White Oats,Quaker,Flocons d'avoine,1.73 - 3.00,Sachet,,,100% flocons d'avoine,a,1,https://images.openfoodfacts.org/images/products/500/010/847/8119/front_en.71.400.jpg,,,yes,6/8
5000354908248,Original Custard powder,Bird's,"Dessert mixes, Custards and pastry creams, Custard powder",350 g,"MixedPlastic-pot, Unknown-lid","Vegetarian, Green Dot",,"Maize Starch, Salt, Colour (Annatto Norbixin), Flavouring.",b,4,https://images.openfoodfacts.org/images/products/500/035/490/8248/front_en.33.400.jpg,,,yes,7/8
0716270001660,Ginger Crystallized In Dark Chocolate,Chocolove,"Candied fruits, Ginger, Crystallized ginger, Groceries",3.2 g,PpFilm-packet,"Rainforest Alliance, Non GMO project",,"dark chocolate (cocoa liquor*, sugar, cocoa butter*, soy lecithin, vanilla), crystallized ginger (ginger, sugar)",not-applicable,4,https://images.openfoodfacts.org/images/products/071/627/000/1660/front_en.41.400.jpg,,,yes,7/8
0074305001161,APPLE CIDER VINEGAR,BRAGG,"Sauces, Cider vinegars, Groceries",473 ml,,"No gluten, USDA Organic, Certified B Corporation, Made in USA, Non GMO project",,"ORGANIC APPLE CIDER VINEGAR, WATER.",not-applicable,2,https://images.openfoodfacts.org/images/products/007/430/500/1161/front_en.73.400.jpg,,,yes,6/8
0020357122682,Milk,Mestla,Milks,100,,,,,unknown,,,,,no,4/8
8904004402261,PHALHARI CHIWDA,Haldiram,Appetizers,45g,plastic,,,"Potato, (Peanuts), Refined Palmolein Oil, Refined Sugar, Rock Salt, Red Chilli, Black Pepper, Poppy Seed, Dried Ginger Powder, Clove Powder, Cumin, Nutmeg, Cardamom & Cinnamon. Groundnut",d,3,https://images.openfoodfacts.org/images/products/890/400/440/2261/front_en.3.400.jpg,,,yes,6/8
9300633929169,Chunk Light Tuna,Woolworths,Tuna chunks,,,Australian made,,,unknown,,https://images.openfoodfacts.org/images/products/930/063/392/9169/front_en.27.400.jpg,,,yes,4/8
8410076601445,Nature valley crunchy,Nature Valley,"Barres de céréales, en:barres-de-céréales, en:snacks-sucrés",10 Barres,"Carton, Sachet Cartonnée","Sans colorants, Sans conservateurs",Allemagne,"Avoine complète (56%), sucre, huile de tournesol, beurre de cacahuètes (8%) (cacahuète, sel), morceaux de cacahuètes (2%), mélasse, miel. sel, poudre à lever: bicarbonate de sodium; émulsifiant: lécithine de tournesol.",d,4,https://images.openfoodfacts.org/images/products/841/007/660/1445/front_fr.49.400.jpg,,,yes,8/8
8901088000451,Parachnute 100% Pure Coconut Oil,Parachute,Huiles de coco,,,en:Green Dot India,,Coconut Oil,e,2,https://images.openfoodfacts.org/images/products/890/108/800/0451/front_en.18.400.jpg,,,yes,5/8
8901491503013,Yellow Salted Lays,Lay's,Potato crisps in sunflower oil,,,,,"Potato, edible vegetable oil (palmolein rice bran oil), lodised salt",unknown,3,https://images.openfoodfacts.org/images/products/890/149/150/3013/front_en.5.400.jpg,,,yes,4/8
8901595863280,Schezwan Chutney,Ching's Secret,Fruit chutneys,600 g,,Green Dot India,,"Water, Cotton Seed Oil, Sugar, iodised Salt, Chilli, Garlic, Onion, Thickener (INS 1422), Ginger, Acidity Regulator (INS 260), Flavour Enhancer (INS 635), Spices (White Pepper, Schezwan Pepper), Preservatives (INS 202, INS 211), Natural Flavouring Substances. _Contains: Celery. May contain: Wheat, Soy, Nuts, Sesame Seeds, Mustard and Milk._",e,4,https://images.openfoodfacts.org/images/products/890/159/586/3280/front_en.8.400.jpg,,,yes,6/8
8902579002442,Appy fizz,Parle,Sparkling apple juices,,,,,"WATER, SUGAR, CARBONATING AGENT (INS 290), ACIDITY REGULATORS (INS 296, INS 331, INS 300), STABILIZER (INS 440), NATURAL COLOUR (INS 150d), PRESERVATIVE (INS 211), ANTIOXIDANT (INS 300)",e,4,https://images.openfoodfacts.org/images/products/890/257/900/2442/front_en.3.400.jpg,,,yes,4/8
8906010500474,Crunchem Chat Chaska,Balaji Wafers,Snacks,15g,,,,,,,https://images.openfoodfacts.org/images/products/890/601/050/0474/front_en.4.400.jpg,,,yes,4/8
0811594100102,0811594100102,,,,,,,,unknown,,https://images.openfoodfacts.org/images/products/081/159/410/0102/front_en.16.400.jpg,,,yes,1/8
4000417224002,Ritter Sport Noir Noisettes Entières,Ritter Sport,Chocolats noirs aux noisettes,100 g,Plastique,"Point Vert, Fabriqué en Allemagne","Allemagne, Waldenbuch","Sucre, pâte de cacao, _noisettes_, beurre de cacao, beurre concentré (_lait_), émulsifiant : lécithine (de _soja_), arôme naturel.",e,4,https://images.openfoodfacts.org/images/products/400/041/722/4002/front_fr.46.400.jpg,,,yes,8/8
8992760221028,17000725 Oreo Original (Vanilla),BABYMONSTER OREO,Chocolate sandwich cookies,123g g,Ldpe wrap,"Halal, Haram",Indonesia,"wheat  flour, sugar, non-hydrogenated vegetable oil (palm), cocoa powder, fructose syrup, sodium bicarbonate (ins500), ammonium bicarbonate (ins503), corn starch, salt,  soy  lecithin (ins322), vanilla flavor,",e,4,https://images.openfoodfacts.org/images/products/899/276/022/1028/front_en.55.400.jpg,,,yes,8/8
8902080204342,Pepsi Brand Mirinda orange flv 2ltr,Pepsico,"Fruit sodas, Sweetened beverages",18,,,,"CARBONATED WATER, SUGAR, ACIDITY REGULATORS E330 STABILIZERS (1450, 445), PRESERVATIVE (211), COLOUR (110), FLAVOUR NATURAL FLAVOURING SUBSTANCES",e,4,https://images.openfoodfacts.org/images/products/890/208/020/4342/front_en.32.400.jpg,,,yes,5/8
8901764022913,Fanta,"Coca-Cola, St-Hubert","Fruit sodas, Sweetened beverages",250ml,,Green Dot India,,"Carbonated Water, Sugar, Orange Juice From Concentrate (3.7%), Citrus Fruit From Concentrate (1.3%), Acids (Citric Acid, Malic Acid), Vegetable Extracts (Carrot, Pumpkin), Sweeteners (Acesulfame K, Sucralose), Preservative (Potassium Sorbate), Acidity Regulator (Sodium Citrates), Stabiliser (Guar Gum), Natural Orange Flavourings With Other Natural Flavourings, Antioxidant (Ascorbic Acid).",e,4,https://images.openfoodfacts.org/images/products/890/176/402/2913/front_fr.3.400.jpg,,,yes,6/8
8901725013691,Bingo mad snack,,Healthy,200g,,Green Dot India,,,unknown,,https://images.openfoodfacts.org/images/products/890/172/501/3691/front_en.5.400.jpg,,,yes,4/8
8904004403671,TASTY NUTS Shing Bhujia,Haldiram's,Snacks,40g,,Vegetarian,,"Groundnuts (Peanuts)(66%), Edible Vegetable Oil (Palmolein, Cotton Seed, Corn, Sunflower, Rice Bran), Bengal Gram Flour (Besan), Maize Starch, Iodised Salt, Red Chilli, Acidity Regulator (INS 330), Turmeric, Black Salt,Black Pepper, Dried Ginger Powder, Cardamom, Cumin, Cinnamon, Clove, Bay Leaf, Nutmeg & Asafoetida.",e,3,https://images.openfoodfacts.org/images/products/890/400/440/3671/front_en.5.400.jpg,,,yes,6/8
7622202216695,Gems,Cadbury,"Confectioneries, Gems",7.11g,,Green Dot India,,"Sugar, Hydrogenated Oils, Milk Solids, Cocoa Solids (8%*), Refined Wheat Flour (Maida), Emulsifiers (414, 442, 476), Colours (171, 102, 133, 124, 127, 122, 132, 110), Glazing Agent (903), Liquid Glucose, Flavours (Natural, Nature Identical and Artificial (Caramel and Vanilla) Flavouring Substances).  Allergen Information: Contains Milk, Wheat, Sulphites.  May Contain Barley, Soy",e,4,https://images.openfoodfacts.org/images/products/762/220/221/6695/front_en.3.400.jpg,,,yes,6/8
8901719130144,Parle Hide & Seek Cookies,Parle Biscuits PVT Ltd,"Candies, Chocolate biscuits, Choco chips",412.5g,,,,"REFINED WHEAT FLOUR (MAIDA), SUGAR, CHOCO CHIPS (17.3%) ISUGAR, EDIBLE VEGETABLE FAT (HYDROGENATED OILS), COCOA SOLIDS, DEXTROSE, EMULSIFIER (SOY LECITHIN) AND ARTIFICIAL FLAVOURING SUBSTANCES (VANILLA)], REFINED PALM OIL, CHOCOLATE (5.8%) ISUGAR, COCOA SOLIDS, COCOA BUTTER, DEXTROSE, EMULSIFIER (SOY LECITHIN) AND ARTIFICIAL FLAVOURING SUBSTANCES-VANILLA], INVERT SUGAR SYRUP, RAISING AGENTS (508(1), 500], COCOA SOLIDS, IODISED SALT, ARTIFICIAL (VANILLA) FLAVOURING SUBSTANCES AND EMULSIFIER OF VEGETABLE ORIGIN (472e]. CONTAINS: WHEAT, SOY",e,4,https://images.openfoodfacts.org/images/products/890/171/913/0144/front_en.29.400.jpg,,,yes,5/8
8901063012868,Milk bikis biscuits,Britannia,Biscuit (cookie) vitamins and chemical elements content guaranteed,,,,,,e,,https://images.openfoodfacts.org/images/products/890/106/301/2868/front_en.5.400.jpg,,,yes,3/8
8909081005251,Yippee Noodles,Sunfeast,Instant noodles,72.6 g,,Green Dot India,,,unknown,,https://images.openfoodfacts.org/images/products/890/908/100/5251/front_en.16.400.jpg,,,yes,5/8
8906010500498,balaji wafers tomato twist,,"Crisps, Salty snacks made from potato, Chip",,,,,"Potato (87%). Edible Vegetable Oil (Palmolein), Sugar, iodized Salt, Maltodextrin, Spices & Condiments (Chilli Powder, Cumin Powder, Clove Powder, Cinnamon), Dehydrated Vegetable Powder (Tomato (1%), Onion, Garlic), Acidity Regulator (INS 296, INS 330), Anticaking Agent (INS 551), Flavour Enhancer (INS 627, INS 631).",e,4,https://images.openfoodfacts.org/images/products/890/601/050/0498/front_en.14.400.jpg,,,yes,3/8
8901207900839,hajmola,Dabur,,120 Tablets,Jar,,,J 3,unknown,,https://images.openfoodfacts.org/images/products/890/120/790/0839/front_en.15.400.jpg,,,yes,5/8
8904004400250,Haldiram's Soya Sticks,Haldiram's,Snacks,200g,,Green Dot India,,"Tapioca Starch, Edible Vegetable oil (Palmolein, Cotton Seed, Corn, Sunflower, Rice Bran), Soya Flour (9%), Split Pulse Urad (Urad Dal) Flour, Mixed Spices (Refined Sugar, lodised Salt, Maltodextrin, Black Salt, Red Chilli Powder, Dried Mango Powder, Onion Powder, Glucose Powder, Preservative (INS 262 i), Coriander Powder, Cumin Powder, Fennel, Whey Powder, Ginger Powder, Garlic Powder, Clove Powder, Yeast Extract, Pipal, Black Pepper, Acidity Regulator (INS 296), Flavour Enhancer (INS 627, INS 631), Turmeric Powder, Anticaking Agent (INS 551), Bay Leaves, Acidity Regulator (INS 330), Colour (INS 160c), Nutmeg, Capsicum Powder, Cinnamon & Asafoetida), Hydrogenated Vegetable Oil (Vanaspati), Natural Flavouring Substance And Nature Identical Flavouring Substance Allergen: Contains Soy & Milk May Contains Peanut, Tree Nuts, Wheat, Mustard Seed & Sesame Seed",e,4,https://images.openfoodfacts.org/images/products/890/400/440/0250/front_en.7.400.jpg,,,yes,6/8
8901071211307,Hershey's syrup,Hershey's,"Syrups, Chocolate syrup",200g,,,,,d,,https://images.openfoodfacts.org/images/products/890/107/121/1307/front_en.10.400.jpg,,,yes,4/8
8906007280242,refined sunflower oil,fortune,Sunflower oils,1 l,plastic,Green Dot India,India,"Refined Sunflower Oil. Permitted Antioxidant TBHQ (E-319), Vitamin A and Vitamin D.",c,2,https://images.openfoodfacts.org/images/products/890/600/728/0242/front_en.18.400.jpg,,,yes,8/8
8901725007508,Bingo! Potato Chips Chilli Sprinkled,ITC,Potato crisps,90g,,Green Dot India,,"POTATO (60.0%), REFINED PALMOLEIN, SEASONING (IODIZED SALT, RED CHILLI POWDER (1.1%), MALTODEXTRIN, #SPICES AND CONDIMENTS, ONION POWDER, REFINED WHEAT FLOUR (MAIDA), NATURE IDENTICAL FLAVOURING SUBSTANCES, BLACK SALT, MILK SOLIDS, NATURAL FLAVOURS AND NATURAL FLAVOURING SUBSTANCES, SUGAR, TOMATO POWDER, HYDROLYZED VEGETABLE PROTEIN, GARLIC POWDER AND FLAVOUR ENHANCER (INS 508)} AND IODIZED SALT. #USED AS FLAVOURING AGENTS. CONTAINS SOY, MILK, WHEAT",e,4,https://images.openfoodfacts.org/images/products/890/172/500/7508/front_en.3.400.jpg,,,yes,6/8
8901764052910,Limca,Pepsi,"Sodas, Carbonated fruit soft drink",100 ml,,,,"CARBONATED WATER, SUGAR ACIDITY REGULATORS (330, 33W STABILIZERS (414,471), PRESERVATIVE (211) FLAVOURS (NATURAL, NATURE-IDENTICAL & ARTIFICIAL (LEMON) FLAVOURING SUBSTANCES).",e,4,https://images.openfoodfacts.org/images/products/890/176/405/2910/front_en.24.400.jpg,,,yes,5/8
3948764042270,Thumbs Up 750ml pet,Thumps up,Sodas,750ml,,,,,e,,https://images.openfoodfacts.org/images/products/394/876/404/2270/front_en.21.400.jpg,,,yes,4/8
8901030831706,Mixed Fruit Jam,"Hindustan Unilever Limited, Kissan",Mixed fruit jams,500g,,,,"SUGAR, MIXED FRUIT PULP BLEND - 60% (PAPAYA PULP, PEAR PULP, APPLE JUICE, BANANA PULP PINEAPPLE JUICE, ORANGE JUICE, MANGO PULP, GRAPE JUICE), ACIDITY REGULATOR-E330, THICKENER-E440, 10DISED SALT, VITAMINS & MINERAL, PRESERVATIVE-E202, NATURAL FLAVOURING SUBSTANCES, FOOD COLOUR-E122 NUMBER OF SERVES PER PACK: APPROX. 25, PER SERVE: 20 g (1 Tbsp)",d,4,https://images.openfoodfacts.org/images/products/890/103/083/1706/front_en.14.400.jpg,,,yes,5/8
8904004400243,Soya Sticks,Haldiram's,,,,,,,unknown,,https://images.openfoodfacts.org/images/products/890/400/440/0243/front_en.5.400.jpg,,,yes,2/8
8901063162464,BRITANNIA marie GOLD,Britannia,Biscuits,68 g,,Green Dot India,,Refin,,,https://images.openfoodfacts.org/images/products/890/106/316/2464/front_en.10.400.jpg,,,yes,6/8
8901491365703,Puffcorn,Kurkure,Corn chips,28 10rs,Plastic,"100% natural, Green Dot India",,"INREDIENTS: Cereal Products (67%) (Corn Meal (53%), Rice Meal (14%)), Edible Vegetable Oil (Palmolein), *Seasoning (Sugar, lodised Salt, Maltodextrin, Spices and Condiments, Milk Solids, Cheese, Salt Replacer (Potassium Chloride), Flavour (Natural and Nature Identical Flavouring Substances), Flavour Enhancers (627, 631), Acidity Regulators (296, 330), Emulsifying & Stabilising Agent ((331(iii), 471, 327)), Gram Meal (3.6%), Calcium Carbonate (170(i)), lodised Salt. *As flavouring agent. Contains Onion and Garlic ALLERGEN ADVICE: Contains Soy, Milk, Wheat",e,4,https://images.openfoodfacts.org/images/products/890/149/136/5703/front_en.30.400.jpg,,,yes,7/8
19017198,Parle tostea 1kg,"Parle, Simply Good, Wholesome","Biscuits, 100g wheat per amount",22g,Plastic,"No cholesterol, Simply Good","Accra, Baatsona, Ghana.","FARINE DE BLE, HUILE VEGETALE ČOMESTĪBLE, LEVURE, EXTRAIT DE MALT, SEL, EMULSIFIANT D'ORIGINE VEGÉTALE (ESTERS D'ACIDE DIACETYLTARTRIQUE DE MONO ET DIGCEDIDES (E 47 META BISULFITE DE SODIUM (E 223] ET AMYLASE (E 11C 2. AP MP GH",unknown,,https://images.openfoodfacts.org/images/products/000/001/901/7198/front_en.4.400.jpg,,,yes,8/8
8901719100369,Parle Bis Hide &seek,Parle,Biscuits,33 g,,Green Dot India,,"REFINED WHEAT FLOUR (MAIDA), SUGAR, CHOCO CHIPS (17.3%) ISUGAR, EDIBLE VEGETABLE FAT (HYDROGENATED OILS), COCOA SOLIDS, DEXTROSE, EMULSIFIER OF VEGETABLE ORIGIN (SOY LECITHIN) AND ARTIFICIAL FLAVOURING SUBSTANCES (VANILLA)], REFINED PALM DIL, CHOCOLATE (5.8%) [SUGAR, COCOA SOLIDS, COCOA BUTTER, DEXTROSE EMULSIFIER OF EGETABLE ORIGIN (SOY LECITHIN) AND ARTIFICIAL FLAVOURING SUBSTANCES-VANILLAJ. VERT SOGAR SYRUP, RAISING AGENTS (503(1), 500], COCOA SOLIDS, IODISED SALT AND JULSIFIER OF VEGETABLE ORIGIN [472e]. VIAINS ADDED FLAVOUR (ARTIFICIAL FLAVOURING SUBSTANCES-VANILLA) TAINS: WHEAT. SOY MEADE OONOTION MODE",d,4,https://images.openfoodfacts.org/images/products/890/171/910/0369/front_en.18.400.jpg,,,yes,6/8
8906010503550,Wafers,,Gaufrettes,,,,,"POTATO (82%), EDIBLE VEGETABLE OIL (CONTAINS ONE OR MORE OF THE FOLLOWINGS: PALMOLEIN, GROUNDNUT), SEASONING [MILK SOLIDS (WHEY 0.7%), SUGAR, EDIBLE COMMON SALT, ONION POWDER (0.3%), CHEESE POWDER (0.2%), HERBS (CHIVES, PARSLEY), ACIDITY REGULATOR (INS 330), YEAST EXTRACT POWDER, ANTICAKING AGENT (INS 551), HYDROLYZED VEGETABLE POWDER (SOYA), FLAVOUR ENHANCER (INS 627, INS 631), FLAVOUR (NATURAL & NATURE IDENTICAL FLAVOURING SUBSTANCES))  **AS FLAVOURING & SEASONING AGENT  POTATO WAFERS  READY-TO-EAT SAVOURIES | PROPRIETARY FOOD | INDIAN SNACKS & SAVOURIES  ALLERGEN ADVICE: CONTAINS MILK SOLIDS, CHEESE POWDER & SOY. MAY CONTAIN PEANUT  PRODUCT OF INDIA",e,4,https://images.openfoodfacts.org/images/products/890/601/050/3550/front_fr.9.400.jpg,,,yes,3/8
8902579002299,Smoodh chocolate,Parle Agro,Chocolate milks,80ml,Paper box,,India,"WATER, DOUBLE TONED MILK (40%), SUGAR, WHEY POWDER, MILK SOLIDS, COCOA SOLIDS (1%), MALT EXTRACT, EMULSIFIERS AND STABILIZERS [INS 460(1), INS 471, INS 466, INS 407, INS 340, INS 452], NATURE IDENTICAL FLAVOURING SUBSTANCE (CHOCOLATE) AND IODISED SALT. (INS-INTERNATIONAL NUMBERING SYSTEM) ALLERGEN INFORMATION: CONTAINS MILK, BARLEY, WHEAT AND MILLET: NÚTRITIONAL INFORMATION (TYPICAL VALUES) PER SERVE",e,4,https://images.openfoodfacts.org/images/products/890/257/900/2299/front_en.14.400.jpg,,,yes,7/8
8901058005080,Munch Max,Nestlé,"Biscuits, Candy chocolate bars",38.5 g,,Green Dot India,,"Sugar, Refined Wheat Flour (Maida), Hydrogenated vegetable fats, Fractionated vegetable fat, Milk solids. Cocoa solids (3.9%), Emulsifier (Soya lecithin), Raising agent (500(ii)), Yeast, lodised salt, Flour treatment agent (516), Artificial (Vanilla) flavouring substance and Nature-Identical flavouring substance.",e,4,https://images.openfoodfacts.org/images/products/890/105/800/5080/front_en.7.400.jpg,,,yes,6/8
8901058009729,Masala Veg Atta Noodles,Maggi,Instant noodles,72.5g,,Green Dot India,,"Noodles: Wheat Flour (Atta) (84.2%), (not more than) Palm oil, Iodized salt, Wheat gluten, Thickeners (508&412), Humectants (451(i)&452(i)) and Acidity regulators (501(i) & 500 (i)). Masala TASTEMAKER: Dehydrated &quot;Guideline Daily Amounts of an Vegetables (22%) (Carrot bits (12%), Green peas",unknown,4,https://images.openfoodfacts.org/images/products/890/105/800/9729/front_en.19.400.jpg,,,yes,6/8
8902080001828,Pepsi Zero Sugar,PepsiCo Inc.,"Diet cola soft drink, Cold Drink",400ml,,,,"Carbonated water,color (150d),acidity regulators(338,330), sweeteners(955,950),preservative (211), caffeine (13mg/100g), flavour (natural flavouring substance), stabilizer (436)",c,4,https://images.openfoodfacts.org/images/products/890/208/000/1828/front_en.6.400.jpg,,,yes,5/8
8904335604150,Yoga Bar Millet Muesli,Yoga Bar,Mueslis,500g,,"Vegan, Green Dot India",,"Whole Grains 58.0% (Millets 26.0% (Ragi 16%, Jowar 10%), Rolled Oats 22%, Brown Rice Flakes), Corn Flakes (Corn Grits, Unrefined Sugar, Iodized Salt, Malt Extract, Soy Lecithin), Nuts & Seeds 9.5% (Flax, Pumpkin, Almond), Rice Crispy, Dehydrated Fruits 4.8% (Raisins, Cranberry), Jaggery Syrup, Honey, Rice Bran Oil, Natural Flavors (Almond, Rosemary Extract), Himalayan Pink Salt.",b,4,https://images.openfoodfacts.org/images/products/890/433/560/4150/front_en.17.400.jpg,,,yes,6/8
8904004400687,Haldiram's Aloo Bhujia Sev,Haldiram's,Salty snacks,20g,,,,"Potato, Edible Vegetable Oil (Palmolein, Cotton Seed, Corn, Sunflower), Bengal Gram Flour (Besan), Potato Flakes, Potato Starch, Tapioca Starch, Tepary Beans (Moth Dal) Flour, Iodised Salt, Red Chilli Powder, Black Salt, Acidity Regulator (INS 330), Black Pepper, Clove, Dried Ginger Powder, Dried Garlic Powder, Cumin Powder, Bay Leaf, Nutmeg, Cinnamon, Turmeric, Mint Leaves, Natural Flavours & Natural Flavouring Substances & Nature Identical Flavouring Substances.",unknown,4,https://images.openfoodfacts.org/images/products/890/400/440/0687/front_en.5.400.jpg,,,yes,5/8
8906009501031,Pasteurised Cow Milk,Chitale,Whole milks,500 ml,,,,PASTEURISED COW MILK,c,1,https://images.openfoodfacts.org/images/products/890/600/950/1031/front_en.5.400.jpg,,,yes,5/8
54491496,Diet Coke,Coke,"Unsweetened beverages, Diet cola soft drink, Sweetened beverages",500 ml,"Plastic, Bottle, Pet-bottle, en:pet-cap","Green Dot, natural flavors",Royaume-Uni,"csd water, caramel color, aspartame, phosphoric acid, potassium benzoate (to protect taste), natural flavors, citric acid, caffeine, contains phenylalaline  water gazeifiée, caramel colour e150d, sweeteners : aspartame, acesulfame k, flavourings, natural caffeine, phosphoric acid, citric acid",c,4,https://images.openfoodfacts.org/images/products/000/005/449/1496/front_en.73.400.jpg,,,yes,8/8
8901262020039,Amul cheese,Amul,Cheeses,200 g,Cuboid Cardboard,,Kheda India,"Cheese, emulsifying salts (452, 339, 331), iodized sait, class II preservatives (200, 234)",e,4,https://images.openfoodfacts.org/images/products/890/126/202/0039/front_en.40.400.jpg,,,yes,7/8
8901262200189,Amul Lassi 200ml,Amul,"Yogurt drinks, Lassi",200mL,,,,"Milk solids, water, sugar, stabilizer (440), nature identical and artificial flavouring substances (rose), active culture. Allergen Information: Contains milk.",e,4,https://images.openfoodfacts.org/images/products/890/126/220/0189/front_en.26.400.jpg,,,yes,5/8
8904004409253,Potato Lite,Haldiram Snacks Pvt. Ltd.,Potato crisps,15g,plastic,,,"Potato Starch, Potato Flakes, Refined Palmolein Oil, lodised Salt, Maltodextrin, Black Pepper & Black Salt &quot;I",unknown,4,https://images.openfoodfacts.org/images/products/890/400/440/9253/front_en.4.400.jpg,,,yes,6/8
8901764362309,Pulpy orange,Minute Maid,Orange juices from concentrate,1L,,Green Dot India,,"WATER, SUGAR, ORANGE JUICE (10.5%) (RECONSTITUTED FROM ORANGE JUICE CONCENTRATE & ORANGE PULP CELLS), ACIDITY REGULATORS (330, 331(iii)), ANTIOXIDANT (300), COLOURS ENERGY (110, 102), ORANGE FLAVOURS (NATURAL, NATURE-IDENTICAL AND ARTIFICIAL FLAVOURING SUBSTANCES).",e,4,https://images.openfoodfacts.org/images/products/890/176/436/2309/front_en.3.400.jpg,,,yes,6/8
8901058000269,Maggi,Maggi,Noodles,280g,,,,"Noodles: Refined wheat flour (Maida), Paim oil, lodized salt, Wheat gluten, Thickeners (508&412), Acidity regulators (501 (i) & 500 (i) and Humectant (451 (i)). Masala *TASTEMAKER®: Mixed spices (25.6%) (Onion powder Coriander powder, Turmerie newder, Red chilli powder, Garlic powder Cumin powder, Aniseed powder, powder, Fenugreek powder, Black pepper powder, Clove powder, Green cardamom powder & Nutmeg powder), Refined wheat flour (Maida), Hydrolysed groundnut protein, Sugar, Palm oil, Starch, lodized salt, Thickener (508), Flavour enhancer (635), Toasted onion flakes, Acidity regulator (330), Colour (150d), Mineral and Wheat gluten. Contains Wheat & Nut. May Contains Milk, Mustard, Oats And Soy. #Lets toMAGGI",unknown,4,https://images.openfoodfacts.org/images/products/890/105/800/0269/front_en.39.400.jpg,,,yes,5/8
8901088050586,Parachute Coconut Oil,Parachute,Coconut oils,,,Green Dot India,,,unknown,2,https://images.openfoodfacts.org/images/products/890/108/805/0586/front_en.7.400.jpg,,,yes,4/8
8909081005046,Dark Fantasy Choco Fills,Sunfeast,Chocolate biscuits,,,,,,e,,https://images.openfoodfacts.org/images/products/890/908/100/5046/front_en.14.400.jpg,,,yes,3/8
8906010500429,Unknown Product,,Balaji,,,,,,d,,https://images.openfoodfacts.org/images/products/890/601/050/0429/front_en.11.400.jpg,,,yes,2/8
8901088047142,parachute oil,parachute,en:Coconut oils,250ml,,,,,unknown,2,https://images.openfoodfacts.org/images/products/890/108/804/7142/front_en.9.400.jpg,,,yes,4/8
8901207005527,Honey Squeezy,Dabur,"Honeys, Food",400g,Squeezy,"Green Dot, Green Dot India, Dabur",,Honey (100%),d,2,https://images.openfoodfacts.org/images/products/890/120/700/5527/front_en.12.400.jpg,,,yes,7/8
0856069005209,"Fine ground sea salt almond flour crackers, sea salt",,Crackers (Appetizers),,,"No gluten, Non GMO project, Verified",,"nut and seed flour blend (almonds, sunflower seeds, flax seeds), tapioca starch, cassava, organic sunflower oil, sea salt, organic onion, organic garlic, rosemary extract (for freshness)",c,3,https://images.openfoodfacts.org/images/products/085/606/900/5209/front_en.9.400.jpg,,,yes,4/8
8901088000345,Coconut oil,Parachute,Coconut oils,200ml(182g),,Green Dot India,,Coconut Oil,e,2,https://images.openfoodfacts.org/images/products/890/108/800/0345/front_en.15.400.jpg,,,yes,6/8
8904004403800,Moong dal,"Haldiram, Haldiram's","Snacks, Pulses",400 g,Plastic,Vegetarian,India,"Split Pulse Moong (Moong Dal) (77%), Refined Cotton Seed Oil & lodised Salt.",a,3,https://images.openfoodfacts.org/images/products/890/400/440/3800/front_en.17.400.jpg,,,yes,8/8
8902080364022,Mountain Dew,PepsiCo,"Sodas, Carbonated waters, Energy drinks, Sweetened beverages",250 ml,1  RECYCLABLE Plastic bottle,Green Dot India,,"CARBONATED WATER, SUGAR, ACIDITY REGULATORS (330 ,331), FLAVOUR (NATURAL FLAVOURING SUBSTANCES), PRESERVATIVE (211), CAFFEINE (13 mg/100 g), STABILIZER (445), COLOUR (102).",e,4,https://images.openfoodfacts.org/images/products/890/208/036/4022/front_en.6.400.jpg,,,yes,7/8
8901595863013,Schezwan Chutney,ching's,"Salted spreads, Dips, Onion chutneys, Schezwan Chutney",30 g,,Green Dot India,,"Water, Sunflower Oil, Sugar, lodised Salt, Chilli, Corn Starch, Garlic, Onion, Ginger, Thickener (INS 1422), Flavou Enhancer (INS 635), Acidity Regulator (INS 260), Spices (White Pepper, Schezwan Pepper), Preservatives (INS 202, INS 211), Celery, Soy Sauce Powder (Soybean, Wheat, Salt), Natural Flavouring Substances. ALLERGEN ADVICE: CONTAINS WHEAT, SOY AND CELERY. May contain Peanuts, Tree Nuts, Sesame Seed, Mustard and Milk (dairy products)",e,4,https://images.openfoodfacts.org/images/products/890/159/586/3013/front_en.3.400.jpg,,,yes,6/8
8906010503529,CHRUNCHEM Masala Masti,Balaji,Potato crisps,150,,,,"POTATO (87%), EDIBLE VEGETABLE OIL (PALMOLEIN), SUGAR, SPICES & CONDIMENTS 1% (CHILLI, DRY MANGO, CORIANDER, CUMIN, BLACK PEPPER, GINGER, CLOVE), EDIBLE COMMON SALT, BLACK SALT.",e,3,https://images.openfoodfacts.org/images/products/890/601/050/3529/front_en.6.400.jpg,,,yes,5/8
8901030902369,Knorr hot & sour veg soup,Knorr,Dehydrated soups,10,,,,"Starch, Maltodextrin, Sugar, lodited Salt, (Dehydrated Vegetables (Onion (5.9%), Carrot Flakes (1.4%). Garlic Bits (1.1%) and Leeks (0.4%)) Hydrolyzed Vegetable Protein, Flavours-Nature Identical Flavouring Substances (Soya Sauce) Thickener-415, Spices & Condiments (Chillies (1.5%)), Hydrogenated Palm Oil, Food Colour-Caramel IV, Acidity Regulator-296, Anti caking agent - 551, Flavour Enhancer-627 & 631 Oleoresin Chill",unknown,4,https://images.openfoodfacts.org/images/products/890/103/090/2369/front_en.15.400.jpg,,,yes,5/8
7622202309830,Bournvita 200g,,,200g,,,,,unknown,,https://images.openfoodfacts.org/images/products/762/220/230/9830/front_en.10.400.jpg,,,yes,2/8
8904422711365,Nariyal Biscuit,Patanjali,"Biscuits, 100, Coconut Biscuits",68g 10 Biscuit per Packet,,,,,unknown,,https://images.openfoodfacts.org/images/products/890/442/271/1365/front_en.6.400.jpg,,,yes,4/8
8904004404630,salted peanuts,haldiram's,"Legumes, Peanuts",25g,29/09/2018,,,"CHR Haldiram's SALTE PEANUT REDIENTS: Groundnut (Peanuts) (93%), Edil etable Oil (Palmolein, Cotton Seed, Corn, Sun Cran), Rock Salt (1%) & Refined Sugar. LERGEN: Contains Nut Contains Wheat, Milk & Soy. 1904004 404630 tritional Information (approx NET QUANTITY: SERVING PER POUCH:",d,,https://images.openfoodfacts.org/images/products/890/400/440/4630/front_en.4.400.jpg,,,yes,6/8
8901491000789,Lays India's magic masala,Lay's,Flavoured potato crisps,90 g,Plastic,,,"Potato, Edible Vegetable Oil (Palmolein Oil, Rice Bran Oil), &quot;Spices & Condiments (Onion Powder, Chilli Powder, Dried Mango Powder, Coriander Seed Powder, Ginger Powder, Garlic Powder, Black Pepper Powder, Spices Extract. Turmeric Powder), lodised Salt, Black Sal Sugar, Tomato Powder, Citric Acid (330).",e,3,https://images.openfoodfacts.org/images/products/890/149/100/0789/front_en.30.400.jpg,,,yes,6/8
3948764032271,Sprite,Coca Cola,"Artificially sweetened beverages, Sodas, Sweetened beverages",750 ml,,,,"CARBONATED WATER, SUGAR, ACIDITY REGULATORS (330, 331(1), PRESERVATIVE (211), SWEETENER (960), FLAVOURS (NATURAL FLAVORING SUBSTANCES).",e,4,https://images.openfoodfacts.org/images/products/394/876/403/2271/front_en.11.400.jpg,,,yes,5/8
8902346012353,Oral Rehydration Salts I.P. Electral,FDC LIMITED,Non food products,21.80 g,,,,"Sodium Chloride,Potassium Chloride,Sodium Citrate,Dextrose Anhydrous,Excipients",e,4,https://images.openfoodfacts.org/images/products/890/234/601/2353/front_en.13.400.jpg,,,yes,5/8
8901725000622,sunfeast Mom,Sunfeast,"Confectioneries, Biscuits",30,,,,,unknown,,https://images.openfoodfacts.org/images/products/890/172/500/0622/front_en.3.400.jpg,,,yes,4/8
8901030877131,Real Mayonnaise,Hellmann's,"Confectioneries, Mayonnaises",85 g,,Green Dot India,,"Refined Soybean Oil (Fortified with Vitamin A & D), Water, Sugar, Thickeners-E 1442, E 1450, Natural Vinegar, iodised Salt, Spices & Condiments, Lemon Juice Concentrate, Preservative-E 202, Nature Identical and Natural Flavouring Substances, Sequestrant-E 385.",e,4,https://images.openfoodfacts.org/images/products/890/103/087/7131/front_en.8.400.jpg,,,yes,6/8
8902080404575,Mango Slice 1.75ltr,PepsiCo Inc.,Fruit-based beverages,29,Plastic PET bottle,Green Dot India,,"WATER, SUGAR, *CONCENTRATED MANGO PULP & ALPHONSO MANGO PULP (14% MANGO PULP), ACIDITY REGULATOR (330), STABILIZERS (466, 440) FLAVOUR (NATURAL AND NATURE IDENTICAL FLAVOURING SUBSTANCES), PRESERVATIVE (202), COLOUR (110). *14% MANGO PULP IN RECONSTITUTED BEVERAGE SHARE BACK",e,4,https://images.openfoodfacts.org/images/products/890/208/040/4575/front_en.4.400.jpg,,,yes,7/8
8902080204588,8902080204588,Mirinda,Fruit juices,,,,,,b,,https://images.openfoodfacts.org/images/products/890/208/020/4588/front_en.12.400.jpg,,,yes,3/8
8904327600948,MYFITNESS Chocolate Peanut Butter Crunchy,MYFITNESS,Crunchy peanut butters,,,,,,c,,https://images.openfoodfacts.org/images/products/890/432/760/0948/front_en.3.400.jpg,,,yes,3/8
8901063092822,BRITANNIA Good day  BUTTER COOKIES,Britannia,Biscuits,52.5 g,,Green Dot India,,"INGREDIENT REFINED WHEAT FLOUR (MAIDA), REINED PALM OIL, SUGAR, INVERT SUGAR SYRUP, MILK PRODUCTS (MILK SOLIDS & BUTTER (0.5%)], RAISING AGENTS [503(ii) & [500(ii)], IODISED SALT, ARTIFICIAL (BUTTER, MILK & VANILLA) & NATURAL LAVOURING SUBSTANCES AND MULSIFIERS [472e & 322(i)]. Numbers in brackets as per International numbering System) CONTAINS WHEAT MILK AND SOY",e,4,https://images.openfoodfacts.org/images/products/890/106/309/2822/front_en.4.400.jpg,,,yes,6/8
7622202252419,Oreo 30 rs,,Biscuits,,,,,,unknown,,https://images.openfoodfacts.org/images/products/762/220/225/2419/front_en.8.400.jpg,,,yes,2/8
8901058022179,Munch,Nestlé,"Chocolate stuffed wafers, Chocolate Wafer",17.4g,,,,"Sugar, Refined Wheat flour (Maida), Hydrogenated vegetable fats, Fractionated vegetable fats, Milk solids, Cocoa solids (3.8%), Emulsifier (Soya lecithin and 476), Raising agent (500 (ii)), Yeast, Iodised salt, Flour treatment agent (516), Artificial (Vanilla) flavouring substances. Allergen Note: Contains Wheat, Soy, Sesame and Milk. May Contains Nut.",e,4,https://images.openfoodfacts.org/images/products/890/105/802/2179/front_en.27.400.jpg,,,yes,5/8
8901063367173,5050 Maska Chaska,Britannia,Biscuits,,,,,,unknown,,,,,no,3/8
8901063142015,Nutri Choice,Britannia Digestive,Biscuits,100 g,,India,,"WHEAT FLOUR (63%), REFINED PALM OIL, SUGAR, WHEAT BRAN (4.7%), LIQUID GLUCOSE, MILK SOLIDS, MALTODEXTRIN, RAISING AGENTS (INS 500, INS 503), IODISED SALT, EMULSIFIERS (INS 322, INS 471, INS 472c), MALT EXTRACT AND DOUGH CONDITIONER (INS 223). CONTAINS WHEAT, MILK, SOYA, BARLEY AND SULPHITE",d,4,https://images.openfoodfacts.org/images/products/890/106/314/2015/front_en.30.400.jpg,,,yes,6/8
8901063155534,Krunch ChocoChips,"Britannia, Tiger",Biscuits,60g,,Green Dot India,,,unknown,,https://images.openfoodfacts.org/images/products/890/106/315/5534/front_en.4.400.jpg,,,yes,5/8
8901719135477,Parle G gold,Parle,Biscuits,1 kg,,,,,unknown,,https://images.openfoodfacts.org/images/products/890/171/913/5477/front_en.19.400.jpg,,,yes,4/8
8904004401134,Haldiram's Khatta Sweet and Salty mix,Haldiram,Mix of Sago and rice flakes,1 400grams,,,,"Refined Rice Flakes (22%), Bengal Gram Flour (Besan) (21%/ Split Pulse Bengal Gram (Chana Dal) (7%), Groundnut (Peanuts) (5%), Sago (4%), Refined Sugar (4%), Red Lentils (Masur Whole) (2.5%), Green Peas (2%), Iodised Salt, Blac Red Chilli, Acidity Regulator & Antioxidant (E 330) and Turmeric. Allergy Advice : Contains Peanut May Contain Tree nuts, Gluten, Sesame Seed, Milk, Soya & Mustard Seed",d,4,https://images.openfoodfacts.org/images/products/890/400/440/1134/front_en.17.400.jpg,,,yes,5/8
8906001023036,Pure Cow Ghee,Gowardhan,"Butter fat, Butters",1L,,Green Dot India,,,unknown,2,https://images.openfoodfacts.org/images/products/890/600/102/3036/front_en.12.400.jpg,,,yes,5/8
8901491367219,kurkure,kurkure,"Appetizers, Kurkure",25g,Pepsico,Kurkure,India,"Cereal Products (67%) (Rice Meal (44%), Corn Meal (23%)), Edible Vegetable Oil (Rice Bran Oil, Sesame Oil), *Seasoning Spices & Condiments, lodised Salt, Sugar, Flavour (Natural and Nature Identical Flavouring Substances), Black Salt, Tomato Powder, Acidity Regulators (330, 296, 334), Colour (160c), Maltodextrin), Gram Meal (0.4%). As Flavouring Agent. &quot;Contains Onion and Garlic LERGEN ADVICE: Contains Sulphite.",d,4,https://images.openfoodfacts.org/images/products/890/149/136/7219/front_en.6.400.jpg,,,yes,8/8
8901764011252,Coca cola Original Taste 300ml can,Coca-Cola,"Carbonated waters, Colas, Sweetened beverages, Carbonated soft",300 ml,,,,"CARBONATED WATER, SUGAR, ACIDITY REGULATOR (338), CAFFEINE (8.7 mg/100 g), COLOUR (150d), FLAVOURS (NATURAL FLAVOURING SUBSTANCES).",d,4,https://images.openfoodfacts.org/images/products/890/176/401/1252/front_en.5.400.jpg,,,yes,5/8
8901491365666,Kurkure Puffcorn,Kurkure,Corn chips,16g,Plastic,,,,c,,https://images.openfoodfacts.org/images/products/890/149/136/5666/front_en.4.400.jpg,,,yes,5/8
8901491981538,Lay’s Chile Limon,Lay's,Snacks,10rs,,,,,e,,https://images.openfoodfacts.org/images/products/890/149/198/1538/front_en.3.400.jpg,,,yes,4/8
8902080204021,Mirinda,"Mirinda, PepsiCo Inc.","Sodas, Carbonated waters, Carbonated soft drinks without fruit juice with sugar, Sweetened beverages",250 ml,Plastic bottle,Green Dot India,,"CARBONATED WATER, SUGAR, ACIDITY REGULATORS (330, 331), STABILIZERS (1450, 445), PRESERVATIVE (211), COLOUR (110), FLAVOUR (NATURAL FLAVOURING SUBSTANCES).",e,4,https://images.openfoodfacts.org/images/products/890/208/020/4021/front_en.4.400.jpg,,,yes,7/8
8906069403412,Chef's Special Tomato Ketchup,VEEBA,Tomato Ketchup,900g,,,,"Water, Tomato Paste (28.0%), Sugar, lodised Salt, Stabilizers (INS1422, INS415), Acidity Regulator (INS260), Spices and Condiments and Preservative (INS211).",d,4,https://images.openfoodfacts.org/images/products/890/606/940/3412/front_en.15.400.jpg,,,yes,5/8
8908005144014,Multigain energy bar,Yoga Bar,Barres de céréales,38 g,,Sans conservateurs,,"Whole Grains 36% (Brown Rice, Millets (Saamai, Foxtail). Rolled Oats 15%). Honey 20% Almonds 12%, Dates, Seeds 9% (Sunflower, Chia), Rice Crispies. Belgian Dark Chocolate 6% (Cocoa, Brown Sugar, Cocoa Butter, Soya Lecithin), Peanut Protein Powder. CONTAINS ADDED NATURAL FLAVOUR (Rosemary Extract. Vanilla Extract)",d,4,https://images.openfoodfacts.org/images/products/890/800/514/4014/front_fr.3.400.jpg,,,yes,6/8
8901063338593,100% Whole Wheat Brown Bread,Britannia,Breads,,,,,,c,,https://images.openfoodfacts.org/images/products/890/106/333/8593/front_en.3.400.jpg,,,yes,3/8
8908000861107,GOPAL,gopal,,,,,,,unknown,,https://images.openfoodfacts.org/images/products/890/800/086/1107/front_en.3.400.jpg,,,yes,2/8
8901764092152,Maaza Original 1.75ltr,HINDUSTAN COCO-COLA BEVERAGES PVT.LTD,"Sweetened beverages, Cooldrank",3,,,,,unknown,,https://images.openfoodfacts.org/images/products/890/176/409/2152/front_en.8.400.jpg,,,yes,4/8
8901030953217,Kissan Sweet & Spicy Sauce,Kissan,Tomato sauces,850 g,,,,"WATER, SUGAR, TOMATO PASTE* (14.6%), CHILLI PUREE (5.6%), IODISED SALT, STABILIZERS - E1422, E415, E412, ACIDITY REGULATOR - E260, GARLIC POWDER, CHILLI FLAKES, ONION POWDER, SPICES AND CONDIMENTS, PRESERVATIVE-E211, NATURAL FLAVORING SUBSTANCE.",e,4,https://images.openfoodfacts.org/images/products/890/103/095/3217/front_en.3.400.jpg,,,yes,5/8
8909081001123,Bounce Chocho,Sunfest,"Chocolate candies, Chocolate biscuits, Biscuit (cookie) snack w chocolate filling",31,,,,"MTL CD-FPB105365 Pkg.Mtrl.Mfd. By Jupiter Laminators Pvt. Ltd. Regn. No. HSPCS Consent 313121821SONCT08497 gredients: Maida (Refined Wheat Flour), Sugar, Refined Palm Oil, Invert Syrup, Liquid Glucose (1.0%), Raising A Emulsifiers (Lecithin (from soyabean), Polyoxyethylene (20) sorbitan monostearate (from palm oil)], Artificial Fla 503) INS 500(ii), INS 450(i)], Colours (INS 150c, INS 150d, INS 122), Starch, Todized Salt, Cocoa Solid Substres (Vanilla, Milk, Chocolate), Flour Treatment Agent (INS 223), Nature Identical Flavouring Substances Con Wheat, Soy, approx. values): Per 100 g (% RDA per serve - 20 g); Energy",unknown,4,https://images.openfoodfacts.org/images/products/890/908/100/1123/front_en.17.400.jpg,,,yes,5/8
8904004400021,bhujia sev,Haldiram's,Fried foods,35g,,,,Jjkk,unknown,,https://images.openfoodfacts.org/images/products/890/400/440/0021/front_en.3.400.jpg,,,yes,5/8
8901030980053,Peanut Butter Crunchy,Kissan,"Peanut butters, Nut butters",350g,,Green Dot India,,"Per Serve (30g) kcal feat 184 9% MKTD. BY: HINDUSTAN UNILEVER LTD. (HUL), UNILEVER HOUSE, B. D. SAWANT MARG, CHAKALA, ANDHERI (E), MUMBAI 400 099, MAHARASHTRA. MFG. BY: BONVILLE FOODS PVT. LTD., S.R. No.-71 NEAR SADBHAV COTTON IND, LAJAI JADESHVER ROAD, AT. HADMATIYA (PALANPIRL TA. TANKARA, DIST. MORBI-363 650, (GUJ.). FSSAI LIC. No. 10018021003055. KISSAN IS REGISTERED TRADEMARK OF HINDUSTAN UNILEVER LIMITED. HUL 2020 PEANUT BUTTER INGREDIENTS: ROASTED PEANUTS (91%), SUGAR, HYDROGENATED RAPESEED OIL (TO PREVENT OIL SEPARATION, IODISED SALT. CONTAIN PEANUTS. STORE IN A COOL, DRY & HYGIENIC PLACE AWAY FROM DIRECT SUNLIGHT AFTER OPENING, KEEP REFRIGERATED. IT IS NATURAL TO HAVE SOME OIL SEPARATION ON TOP, STIR IT WELL BEFORE SCOOPING KISSAN PEANUT BUTTER, WITH 100% REAL PEANUTS HANDPICKED FROM THE FARMS OF GUJARAT, IS A RICH SOURCE OF PROTEIN. SCAN HERE KISSE kissan SE Of RDA NET WEIGHT: 350 g fra N D Pe qu of",c,,https://images.openfoodfacts.org/images/products/890/103/098/0053/front_de.3.400.jpg,,,yes,6/8
8901719129179,PARLE COCONUT,Parle,Biscuits,,,,,,e,,https://images.openfoodfacts.org/images/products/890/171/912/9179/front_en.4.400.jpg,,,yes,3/8
8901719126468,parle 20-20,Parle,"Biscuits, Buiscuit",,,,,Refined wheat flour  Sugar refined palm oil  Invert sugar syrup  Cashew (1%) Raising agents,d,3,https://images.openfoodfacts.org/images/products/890/171/912/6468/front_en.8.400.jpg,,,yes,4/8
8906002006601,8906002006601,Dr. Oetker,French sausages,,,No gluten,,"Refined Soyabean Oil, Water, Sugar, Milk Solids, lodised Salt, Lemon Juice, Emulsifiers and Stabilizers (INS415, INS1442), Acidity Regulators (INS260, INS330), Preservatives (INS211, INS202), Antioxidant (INS319). CONTAINS MK 46108067-821",e,4,https://images.openfoodfacts.org/images/products/890/600/200/6601/front_en.3.400.jpg,,,yes,5/8
8901725123123,iodized salt,Aashirvaad,"Spices, Iodised salts",1kg,,Green Dot India,,"EDIBLE COMMON SALT, ANTICAKING AGENTS (INS 551, INS 536) AND POTASSIUM IODATE",not-applicable,4,https://images.openfoodfacts.org/images/products/890/172/512/3123/front_en.13.400.jpg,,,yes,6/8
8901030779282,Green tea honey lemon 25 Tea Bags,Lipton,Green teas,,,,,,unknown,,https://images.openfoodfacts.org/images/products/890/103/077/9282/front_en.13.400.jpg,,,yes,3/8
8901725104641,Sunfeast moms magic cashew almond,Sunfeast,,584 g,,,,biscuit,unknown,,https://images.openfoodfacts.org/images/products/890/172/510/4641/front_en.6.400.jpg,,,yes,4/8
8908010900070,Pintola all natural peanut butter (crunchy),Pintola,"Beurres de fruits à coques, Beurres de cacahuetes croustillants",1 kg,,"Sans gluten, Végétalien, 100% naturel, Point Vert, en:Green Dot India, ISO 22000:2018, Sans matière grasse hydrogénée, Sans huile de palme",,Peanuts,a,,https://images.openfoodfacts.org/images/products/890/801/090/0070/front_en.22.400.jpg,,,yes,6/8
3948764052910,Limca,,Sodas,,,,,parig,unknown,,https://images.openfoodfacts.org/images/products/394/876/405/2910/front_en.8.400.jpg,,,yes,3/8
0786162002969,acai blueberry pomegranate nutrient enhanced water beverage,vitamin water,"Artificially sweetened beverages, Vitamin waters",,Empty & Replace Cap,,,"Reverse osmosis water, less than 0.5% of: vitamins A, C, B3, B5, B6, B12 (beta-carotene, ascorbic acid, niacinamide, calcium pantothenate, pyridoxine hydrochloride, cyanocobalamin), fruit and vegetable juices (for color), natural flavors, citric acid, stevia leaf extract, electrolytes (calcium and magnesium lactates and potassium phosphate), monk fruit extract, sodium selenate, manganese citrate.",unknown,4,https://images.openfoodfacts.org/images/products/078/616/200/2969/front_en.46.400.jpg,,,yes,5/8
8801043018470,NONGSP 席 GOURMET SPICY SPICY & CREAMY FLAVOUR Toom,Shin Ramyun,"Kant-en-klaarmaaltijden (gedroogd), Instantnoedels",137g,,Halal,,"NOEDELS 77%: Tarwebloem, aardappelzetmeel, palmolie, zout, zuurteregelaars: E501, E500, E339, antioxidant: E306, emulgator: E322 (bevat soja), kleurstof: E101. KRUIDENPOEDER 12% : Smaakmaker (maltodextrine, kokosolie, rijst, aardappelzetmeel, palmolie, gistextract, zout, amandel, haver, knoflook, sojabonen, tarwe), maltose, glucose, smaakversterkers: E621, E627, E631, aardappelzetmeel, zout, maiszetmeel, peterselie, shiitake, koolzaadolie. KRUIDENPASTA 11%: Suiker, Oliebereiding (rijstolie, water, koolzaadolie, groene uien), smaakversterkers: E621, E627, E631, smaakmaker (maltodextrine, smaakversterker: E640, gehydrolyseerd plantaardig eiwit (soja, tarwe), mosterdzaad, sojabonen, maïszetmeel, wortel), smaakmaker (chilli, knoflook, ui), zout, glucose, shiitake, voedingszuur: E330. Kan sporen van gerst, schaaldieren, eieren, vis, pinda's, melk, selderij, sesamzaad en weekdieren bevatten.",unknown,4,https://images.openfoodfacts.org/images/products/880/104/301/8470/front_en.47.400.jpg,,,yes,6/8
00551281,Oreo dark chocolate creme flavored,Oreo,Filled biscuits,,,,,,unknown,,https://images.openfoodfacts.org/images/products/000/000/055/1281/front_en.7.400.jpg,,,yes,3/8
5410942104158,Passendale classic,"Passendale, Savencia","Cow cheeses, Belgian cheeses, Sliced cheeses, Abbaye cheeses",190g (5*38g),Plastic,"Green Dot, Made in Belgium, No lactose",Belgique,"pasteurized cow's milk, salt, lactic acid ferments, rennet, natural dye: annatto,",d,4,https://images.openfoodfacts.org/images/products/541/094/210/4158/front_en.78.400.jpg,,,yes,8/8
0733739016614,Ultra Omega-3 Fish Oil,NOW FOODS,"Dietary supplements, Fish oils",90 Softgel,,"No GMOs, Kosher",,"Softgel Capsule [bovine gelatin (BSE-free), glycerin, enteric coating (pharmaceutical glaze, ethyl alcohol, ammonium hydroxide, glycerin, sunflower lecithin, medium-chain triglycerides), water] and d-alpha Tocopherol (from sunflower). Contains fish (anchovies, sardines).",not-applicable,4,https://images.openfoodfacts.org/images/products/073/373/901/6614/front_en.39.400.jpg,,,yes,6/8
4008400351926,Hanuta Minis,Ferrero,"Gebäck, Gefüllte Knusprige Waffeln",200 g,"Kunststoff, Tüte, Stück",Ohne Farb- oder Konservierungsstoffe,,"Zucker, pflanzliche Fette (Palm, Shea), _Haselnüsse_ (13 %), _Weizenmehl_ (12,5 %), _Süssmolkenpulver_, fettarmer Kakao, _Vollmilchschokolade_ (Zucker, _Vollmilchpulver_, Kakaobutter, Kakaomasse, Emulgator Lecithine (_Soja_), Vanillin), _Magermilchpulver_, _Butterreinfett_, Aromen, Salz, Halbbitterschokolade (Zucker, Kakaomasse, Kakaobutter, Emulgator Lecithine (_Soja_), Vanillin), Emulgator Lecithine (_Soja_), Traubenzucker, Backtriebmittel Natriumhydrogencarbonat, Vanilin.",e,4,https://images.openfoodfacts.org/images/products/400/840/035/1926/front_de.50.400.jpg,,,yes,7/8
8901047816208,Dal Makhani,Kohinoor,"Microwave meals, Curry sauces, Dal-makhani, Pre-cooked-dal-microwave-pouch",300g,,"Vegetarian, No artificial preservatives, No artificial colours or flavours, No MSG",,"Water, Black Gram Lentils (33.3%), Tomato (8.4%), Red Kidney Beans (4%), Sunflower Oil, Garlic, Salt, Ginger (0.6%), Cumin Powder, Garam Masala, Red Chilli powder, Fenugreek Leaves, Cinnamon, Cardamom, Bay leaf, Nutmeg Powder, Mace Powder",a,3,https://images.openfoodfacts.org/images/products/890/104/781/6208/front_en.12.400.jpg,,,yes,6/8
8801073115378,Buldak HOT Chicken Flavor Rosé Ramen,Samyang,Instant noodles,140g,,"Halal, HACCP","Korea, South Korea","NOODLE(71.8%) {WHEAT FLOUR, MODIFIED TAPIOCA STARCH, REFINED PALM OIL, WHEAT GLUTEN, SALT, EMULSIFIER[SOY LECITHIN(E322 (i)], ACIDITY REGULATOR (POTASSIUM CARBONATE (E501(i)), SODIUM CARBONATE(E500(i)), SODIUM PHOSPHATE DIBASIC(E339 (ii))], THICKENER[GUAR GUM(E412)], TOCOPHEROLS(E306), GREEN TEA FLAVOR OIL, RIBOFLAVIN(E101), CITRIC ACID(E330)}.   SAUCE(18.6%) {WATER, WHITE SUGAR, ARTIFICIAL CHICKEN FLAVOR POWDER(SOY, WHEAT, CELERY), CHEESE SAUCE(MILK, GARLIC, SOY, WHEAT), WHOLE MILK, ARTIFICIAL CHICKEN FLAVOR(SOY, WHEAT), SOYBEAN OIL, RED PEPPER POWDER(SOY), CHILI PEPPER POWDER(SOY), YEAST POWDER, ONION, THICKENER [MODIFIED POTATO STARCH(E1420)], GARLIC, SALT, DECOLORIZED CHILI EXTRACT, COLOUR[PAPRIKA EXTRACT(E160c)], PEPPER POWDER(SOY), CURRY POWDER(CELERY)}.   POWDER(9.6%) {WHOLE MILK POWDER(SOY), MILK POWDER, YEAST EXTRACT POWDER(SOY), GARLIC POWDER(SESAME SEEDS), PARSLEY CURLY}.  CONTAINS: WHEAT, GLUTEN, SOY, MILK, CELERY, SESAME SEEDS. MANUFACTURED IN A FACILITY THAT ALSO PROCESSES CELERIES, CEREALS CONTAINING GLUTEN, CRUSTACEANS, EGGS, FISH, MILK, MOLLUSCS, MUSTARD, NUTS, PEANUTS, SESAME SEEDS AND SOY PRODUCTS.",unknown,4,https://images.openfoodfacts.org/images/products/880/107/311/5378/front_en.43.400.jpg,,,yes,7/8
8901262030151,Amul Ghee 1ltr,Amul,"Beurres, ghi",1 ltr,,,,Cream,e,2,https://images.openfoodfacts.org/images/products/890/126/203/0151/front_fr.9.400.jpg,,,yes,5/8
07811173,kinley,,en:Waters,2 liters,,,,,unknown,1,https://images.openfoodfacts.org/images/products/000/000/781/1173/front_xx.5.400.jpg,,,yes,3/8
8906002484003,Snickers,Mars,"Chocolate candies, Chocolates, Bars",12g,,Green Dot India,,"Sugar, Milk Solids,  Cocoa Butter, Cocoa Solids, Edible vegetable fats &lt; 5% (Sal fat, Palm oil), Dextrose, Emulsifier (E322); Liquid Glucose, Peanuts (14%), Sugar, Hydrogenated vegetable oil (Palm oil), Milk Solids, Iodized Salt, Cocoa Butter, Cocoa Solids, Edible vegetable fats &lt; 5% (Sal fat, Palm oil), Dextrose, Emulsifier (E322).",e,4,https://images.openfoodfacts.org/images/products/890/600/248/4003/front_en.10.400.jpg,,,yes,6/8
8902433003134,SNICKERS BUTTERSCOTCH FLAVOUR,SNICKERS,"Candy chocolate bars, Filled chocolates, fr:barres-chocolatees-aux-fruits-oleagineux",40 g,,Green Dot India,,"milk chocolate coating (35%): sugar, milk solids, serve (%) cocoa butter, cocoa solids, edible vegetable fat ,lt,5% (sal fat, palm oil), dextrose, emulsifier (322), centre filling (65%): peanuts (23%), liquid glucose, sugar, hydrogenated vegetable oil (palm oil), milk solids, iodized salt, cocoa butter, cocoa solids, edible vegetable fats ,lt,5% (sal fat, palm oil), dextrose, nature identical flavour (butterscotch),  emulsifier (322),",e,4,https://images.openfoodfacts.org/images/products/890/243/300/3134/front_en.36.400.jpg,,,yes,6/8
8854761951413,Real Almond Milk,"137 Degrees, 137 ดีกรี","Légumes et dérivés, Laits d'amande",1L,Tetra Pak,"Sans gluten, FSC, Sans conservateurs, Végétalien",,"Lait d'amande frais 95% Des amandes entières cultivées en Californie, aux Etats-Unis Extrait de fleur de tournesol 5%",b,,https://images.openfoodfacts.org/images/products/885/476/195/1413/front_en.41.400.jpg,,,yes,7/8
0840222000149,LG Hing Powder (asafoetida),L.G.,ase fétide,50 g,,en:Green Dot India,,,not-applicable,,https://images.openfoodfacts.org/images/products/084/022/200/0149/front_fr.7.400.jpg,,,yes,5/8
8901491103442,Kurkure Naughty Tomato,PepsiCo,Flavoured potato crisps,,,,,"Rice Meal (37.6%), Edible Vegetable Oil (Palmolein Oil), Corn Meal (18.8%), Gram Meal (6.2%), Sugar, Salt, Tomato Powder (1.2%), *Spices & Condiments (Chilli Powder, Onion Powder, Spices Extract, Black Pepper Powder, Cinnamon Powder, Clove Powder, Ginger Powder, Garlic Powder, Nutmeg Powder), Beetroot Powder, Citric Acid (INS 330). CONTAINS ADDED FLAVOURS (NATURAL AND NATURE IDENTICAL FLAVOURING SUBSTANCES) *Used as natural flavouring agent.",e,4,https://images.openfoodfacts.org/images/products/890/149/110/3442/front_en.12.400.jpg,,,yes,4/8
8901595862726,Dark Soy Sauce,Ching's Secret,Soy sauces,210 g,,,,"water, sugar, lodised salt, natural colour (ins 150c), soybeans (10%), wheat, acidity regulator (ins 260), preservative (ins 202),",e,4,https://images.openfoodfacts.org/images/products/890/159/586/2726/front_en.3.400.jpg,,,yes,5/8
0748927066623,Micronized Creatine Powder,Optimum Nutrition,Bodybuilding supplements,250g,,Fssai,,Creatine Monohydrate (100%).,not-applicable,1,https://images.openfoodfacts.org/images/products/074/892/706/6623/front_en.23.400.jpg,,,yes,6/8
8906002482450,Snickers Chocolate Bar,Mars,Candy chocolate bars filled with caramel and peanuts,1 and 45g,,,,"Chocolate (Sugar, Cocoa Butter, Cocoa Mass, Lactose, Full Cream Milk Powder, Whey Powder, Milk Fat, Emulsifier (Soya Lecithin E322), Water, Artificial Flavour (Vanillin)), Peanuts, Glucose Syrup, Sugar, Vegetable Fat(Palm Fat), Skimmed Milk",e,4,https://images.openfoodfacts.org/images/products/890/600/248/2450/front_en.7.400.jpg,,,yes,5/8
